timestamp,water_level,inflow,rainfall_mm
2023-01-01 00:00:00,2.5103,84.224,2.6132
2023-01-01 01:00:00,2.5899,87.457,2.7646
2023-01-01 02:00:00,2.8853,93.153,2.6192
2023-01-01 03:00:00,2.8303,90.427,1.136
2023-01-01 04:00:00,2.9939,93.352,3.392
2023-01-01 05:00:00,3.1817,97.256,7.7252
2023-01-01 06:00:00,3.3519,99.143,1.5691
2023-01-01 07:00:00,3.1256,96.958,0.1232
2023-01-01 08:00:00,3.1053,95.889,3.8756
2023-01-01 09:00:00,3.1922,98.365,0.5504
2023-01-01 10:00:00,3.0047,91.941,5.1509
2023-01-01 11:00:00,3.0895,93.566,0.1641
2023-01-01 12:00:00,2.8286,92.488,3.3443
2023-01-01 13:00:00,2.7968,91.737,3.0976
2023-01-01 14:00:00,2.7006,89.619,0.1932
2023-01-01 15:00:00,2.5342,87.172,3.6854
2023-01-01 16:00:00,2.912,92.112,13.8395
2023-01-01 17:00:00,2.8037,90.722,1.9379
2023-01-01 18:00:00,2.6622,84.837,0.0089
2023-01-01 19:00:00,2.7816,90.346,4.9398
2023-01-01 20:00:00,2.8928,92.286,1.8664
2023-01-01 21:00:00,2.9275,94.917,6.6431
2023-01-01 22:00:00,3.112,96.119,3.6147
2023-01-01 23:00:00,3.0411,94.593,3.2329
2023-01-02 00:00:00,3.1198,97.205,0.5461
2023-01-02 01:00:00,3.33,99.263,5.7729
2023-01-02 02:00:00,3.3604,99.555,0.4261
2023-01-02 03:00:00,3.3357,99.444,0.8345
2023-01-02 04:00:00,3.3439,99.506,1.5952
2023-01-02 05:00:00,3.414,101.838,2.3501
2023-01-02 06:00:00,3.4296,100.225,5.6601
2023-01-02 07:00:00,3.3288,100.988,1.4625
2023-01-02 08:00:00,3.9578,110.314,15.633
2023-01-02 09:00:00,3.6987,108.9,0.6171
2023-01-02 10:00:00,3.5678,102.067,3.9658
2023-01-02 11:00:00,3.5826,104.083,3.7085
2023-01-02 12:00:00,3.8031,106.867,20.2445
2023-01-02 13:00:00,3.6675,108.11,5.3032
2023-01-02 14:00:00,3.4279,101.797,0.7003
2023-01-02 15:00:00,3.37,99.073,7.7565
2023-01-02 16:00:00,3.368,99.549,0.8875
2023-01-02 17:00:00,3.0575,95.219,2.3635
2023-01-02 18:00:00,3.0628,95.531,2.0433
2023-01-02 19:00:00,3.1139,95.716,3.0664
2023-01-02 20:00:00,2.9568,93.568,3.1722
2023-01-02 21:00:00,3.0808,96.037,3.342
2023-01-02 22:00:00,3.1779,95.327,3.3437
2023-01-02 23:00:00,3.2087,98.087,3.3694
2023-01-03 00:00:00,3.1807,96.736,2.3222
2023-01-03 01:00:00,3.3144,101.031,0.9862
2023-01-03 02:00:00,3.7112,105.386,9.653
2023-01-03 03:00:00,3.5216,102.304,5.8908
2023-01-03 04:00:00,3.5694,102.555,1.0389
2023-01-03 05:00:00,3.8657,110.909,5.922
2023-01-03 06:00:00,3.7265,107.092,2.254
2023-01-03 07:00:00,3.8763,110.443,5.8304
2023-01-03 08:00:00,3.6226,103.969,0.8883
2023-01-03 09:00:00,3.4419,100.484,1.7937
2023-01-03 10:00:00,3.2552,101.089,1.044
2023-01-03 11:00:00,3.2685,98.66,2.6562
2023-01-03 12:00:00,3.3662,99.283,5.7108
2023-01-03 13:00:00,3.3669,101.599,8.5373
2023-01-03 14:00:00,3.0221,95.022,0.435
2023-01-03 15:00:00,2.9693,91.184,0.8678
2023-01-03 16:00:00,2.8358,90.776,0.7994
2023-01-03 17:00:00,2.7657,88.81,2.9302
2023-01-03 18:00:00,2.5106,86.081,0.109
2023-01-03 19:00:00,2.7914,89.027,8.6077
2023-01-03 20:00:00,2.7866,87.8,0.089
2023-01-03 21:00:00,3.1024,95.669,7.1906
2023-01-03 22:00:00,2.9803,94.861,3.1468
2023-01-03 23:00:00,3.2352,95.637,2.8349
2023-01-04 00:00:00,3.5016,102.549,12.5741
2023-01-04 01:00:00,3.8713,109.976,11.2296
2023-01-04 02:00:00,3.8038,110.416,0.3674
2023-01-04 03:00:00,3.8378,110.287,4.4178
2023-01-04 04:00:00,3.8189,108.946,2.4145
2023-01-04 05:00:00,3.8498,110.672,1.9565
2023-01-04 06:00:00,3.6417,106.297,2.027
2023-01-04 07:00:00,3.8656,110.611,3.3489
2023-01-04 08:00:00,3.7061,107.027,3.5351
2023-01-04 09:00:00,3.4757,102.397,2.9605
2023-01-04 10:00:00,3.42,100.472,4.7424
2023-01-04 11:00:00,3.4702,100.743,1.9321
2023-01-04 12:00:00,3.2618,101.316,1.7148
2023-01-04 13:00:00,3.1808,95.563,3.3021
2023-01-04 14:00:00,3.7823,108.182,25.8676
2023-01-04 15:00:00,3.5803,106.004,3.2704
2023-01-04 16:00:00,3.4965,104.113,4.6237
2023-01-04 17:00:00,3.4599,100.255,2.1325
2023-01-04 18:00:00,3.2959,98.678,4.1845
2023-01-04 19:00:00,3.4731,100.562,9.4302
2023-01-04 20:00:00,3.6069,104.635,6.5826
2023-01-04 21:00:00,3.6504,105.66,6.2003
2023-01-04 22:00:00,3.3184,101.0,0.5444
2023-01-04 23:00:00,3.6757,105.223,6.3383
2023-01-05 00:00:00,3.6241,106.063,1.7049
2023-01-05 01:00:00,3.5751,105.581,1.5315
2023-01-05 02:00:00,3.6011,104.314,1.6497
2023-01-05 03:00:00,3.5839,105.277,2.0737
2023-01-05 04:00:00,3.7417,106.768,7.6312
2023-01-05 05:00:00,3.7977,108.242,0.1486
2023-01-05 06:00:00,3.6049,103.751,0.2445
2023-01-05 07:00:00,3.5698,104.608,2.5692
2023-01-05 08:00:00,3.7997,107.733,7.891
2023-01-05 09:00:00,3.55,104.659,0.9719
2023-01-05 10:00:00,3.983,113.825,17.605
2023-01-05 11:00:00,3.828,110.382,4.9759
2023-01-05 12:00:00,3.4934,102.443,0.1887
2023-01-05 13:00:00,3.395,100.471,3.1569
2023-01-05 14:00:00,3.252,99.435,4.6356
2023-01-05 15:00:00,3.3901,100.554,7.3429
2023-01-05 16:00:00,3.1494,97.53,1.6508
2023-01-05 17:00:00,3.0961,96.582,3.0482
2023-01-05 18:00:00,2.9697,93.416,4.2943
2023-01-05 19:00:00,2.9339,94.039,1.396
2023-01-05 20:00:00,2.9789,91.707,4.1748
2023-01-05 21:00:00,2.8969,91.106,1.8915
2023-01-05 22:00:00,3.1895,98.164,3.2441
2023-01-05 23:00:00,3.1788,96.242,0.1447
2023-01-06 00:00:00,3.1427,94.54,2.8432
2023-01-06 01:00:00,3.3163,102.446,4.0619
2023-01-06 02:00:00,3.5402,103.989,1.6448
2023-01-06 03:00:00,3.5416,106.106,1.8505
2023-01-06 04:00:00,3.4195,99.783,1.7919
2023-01-06 05:00:00,3.3732,101.903,0.9336
2023-01-06 06:00:00,3.7173,107.224,5.7986
2023-01-06 07:00:00,3.6079,105.809,0.898
2023-01-06 08:00:00,3.6519,105.466,6.4008
2023-01-06 09:00:00,3.3761,97.605,2.4225
2023-01-06 10:00:00,3.2681,97.372,1.264
2023-01-06 11:00:00,3.16,95.569,0.1866
2023-01-06 12:00:00,3.0506,95.755,2.2271
2023-01-06 13:00:00,2.8185,92.04,1.6911
2023-01-06 14:00:00,2.7798,89.907,0.8389
2023-01-06 15:00:00,2.7256,89.426,4.0667
2023-01-06 16:00:00,2.5441,86.83,0.7199
2023-01-06 17:00:00,2.621,86.124,0.2086
2023-01-06 18:00:00,2.6143,89.848,3.1519
2023-01-06 19:00:00,2.4804,83.831,2.1291
2023-01-06 20:00:00,3.1194,97.645,13.1196
2023-01-06 21:00:00,3.174,98.641,8.6996
2023-01-06 22:00:00,3.1868,98.726,2.1193
2023-01-06 23:00:00,3.6641,103.423,8.4481
2023-01-07 00:00:00,3.3805,101.416,2.3078
2023-01-07 01:00:00,3.5724,104.434,2.6428
2023-01-07 02:00:00,4.7416,127.226,35.4777
2023-01-07 03:00:00,4.7212,127.315,6.3602
2023-01-07 04:00:00,4.9214,126.668,12.7586
2023-01-07 05:00:00,4.5796,122.543,1.3458
2023-01-07 06:00:00,4.5584,120.593,1.5472
2023-01-07 07:00:00,4.3716,119.3,2.7565
2023-01-07 08:00:00,4.5725,121.672,13.6354
2023-01-07 09:00:00,4.38,118.455,2.2395
2023-01-07 10:00:00,4.2842,117.881,4.6844
2023-01-07 11:00:00,4.1826,116.683,4.0673
2023-01-07 12:00:00,3.674,103.472,1.8565
2023-01-07 13:00:00,3.7542,108.44,8.1247
2023-01-07 14:00:00,3.7433,105.951,6.8038
2023-01-07 15:00:00,3.7809,106.362,8.7969
2023-01-07 16:00:00,3.6746,105.446,5.6118
2023-01-07 17:00:00,3.6401,105.555,8.0265
2023-01-07 18:00:00,3.5047,103.321,0.7028
2023-01-07 19:00:00,3.5631,103.939,5.853
2023-01-07 20:00:00,3.3754,100.331,3.2353
2023-01-07 21:00:00,3.2985,99.913,0.7926
2023-01-07 22:00:00,3.4305,101.471,2.1221
2023-01-07 23:00:00,3.3167,100.023,2.884
2023-01-08 00:00:00,3.5174,103.933,3.0464
2023-01-08 01:00:00,3.4823,103.325,0.5488
2023-01-08 02:00:00,3.5237,105.285,4.6762
2023-01-08 03:00:00,3.7975,109.325,2.1631
2023-01-08 04:00:00,3.4838,104.055,0.5847
2023-01-08 05:00:00,3.5006,102.519,0.8087
2023-01-08 06:00:00,3.8997,110.55,12.0352
2023-01-08 07:00:00,3.9271,111.425,11.4329
2023-01-08 08:00:00,3.8359,107.839,0.5403
2023-01-08 09:00:00,3.6848,107.04,0.5821
2023-01-08 10:00:00,3.4876,104.994,0.7132
2023-01-08 11:00:00,3.7539,106.237,8.4108
2023-01-08 12:00:00,3.4699,101.877,2.1459
2023-01-08 13:00:00,3.1959,99.718,1.8489
2023-01-08 14:00:00,2.9418,94.874,1.0161
2023-01-08 15:00:00,3.0207,95.545,1.2114
2023-01-08 16:00:00,3.1887,97.354,11.6455
2023-01-08 17:00:00,2.995,93.363,1.7737
2023-01-08 18:00:00,3.0611,94.15,6.3937
2023-01-08 19:00:00,3.0635,94.511,1.8956
2023-01-08 20:00:00,3.0277,93.896,2.9623
2023-01-08 21:00:00,3.798,110.089,19.4338
2023-01-08 22:00:00,3.5651,103.822,2.5482
2023-01-08 23:00:00,3.8321,111.059,7.8426
2023-01-09 00:00:00,4.0463,114.434,7.1954
2023-01-09 01:00:00,3.9319,109.586,2.3735
2023-01-09 02:00:00,4.0212,112.57,6.8246
2023-01-09 03:00:00,4.1317,113.526,8.1784
2023-01-09 04:00:00,4.0779,113.587,1.8783
2023-01-09 05:00:00,4.0528,115.465,1.8639
2023-01-09 06:00:00,4.0747,111.827,4.0617
2023-01-09 07:00:00,3.9724,112.263,0.5823
2023-01-09 08:00:00,3.9682,110.306,0.6004
2023-01-09 09:00:00,3.5765,103.195,3.0682
2023-01-09 10:00:00,3.6399,105.462,1.9647
2023-01-09 11:00:00,3.4259,99.789,2.2523
2023-01-09 12:00:00,3.3964,102.023,6.1409
2023-01-09 13:00:00,3.3094,101.032,2.7674
2023-01-09 14:00:00,3.1107,98.346,3.2417
2023-01-09 15:00:00,2.9058,93.383,1.1125
2023-01-09 16:00:00,3.0498,93.956,4.1311
2023-01-09 17:00:00,2.7032,87.428,0.0512
2023-01-09 18:00:00,2.7138,88.173,1.8051
2023-01-09 19:00:00,2.7666,90.934,0.4193
2023-01-09 20:00:00,2.9133,91.75,9.2832
2023-01-09 21:00:00,3.0039,95.012,3.3936
2023-01-09 22:00:00,3.2839,99.487,7.8553
2023-01-09 23:00:00,3.2248,98.614,1.738
2023-01-10 00:00:00,3.4237,101.397,1.8439
2023-01-10 01:00:00,3.3076,101.303,0.8873
2023-01-10 02:00:00,3.4935,103.34,4.9542
2023-01-10 03:00:00,3.5575,105.617,2.1305
2023-01-10 04:00:00,3.8627,108.557,8.0236
2023-01-10 05:00:00,3.9845,108.671,7.7237
2023-01-10 06:00:00,3.9484,113.346,3.9582
2023-01-10 07:00:00,4.1532,115.595,4.2292
2023-01-10 08:00:00,3.7949,109.297,2.8957
2023-01-10 09:00:00,3.7335,106.045,1.4968
2023-01-10 10:00:00,3.5728,102.482,0.8918
2023-01-10 11:00:00,3.5134,102.799,5.4207
2023-01-10 12:00:00,3.5921,105.229,7.1734
2023-01-10 13:00:00,3.2344,96.113,1.2139
2023-01-10 14:00:00,3.0878,96.189,1.4098
2023-01-10 15:00:00,3.1783,98.323,5.5821
2023-01-10 16:00:00,3.0634,97.171,3.5903
2023-01-10 17:00:00,3.1456,97.287,9.1126
2023-01-10 18:00:00,3.1961,97.963,6.9341
2023-01-10 19:00:00,3.3349,100.588,3.1023
2023-01-10 20:00:00,3.1898,96.777,0.2436
2023-01-10 21:00:00,3.1054,95.923,3.2499
2023-01-10 22:00:00,3.2472,97.563,2.3647
2023-01-10 23:00:00,3.1276,95.971,1.16
2023-01-11 00:00:00,3.2977,99.167,0.9479
2023-01-11 01:00:00,3.5852,107.091,6.504
2023-01-11 02:00:00,3.9145,109.838,11.7681
2023-01-11 03:00:00,3.9303,111.129,2.003
2023-01-11 04:00:00,4.3759,119.608,15.1789
2023-01-11 05:00:00,4.0978,111.155,1.0361
2023-01-11 06:00:00,4.015,114.323,2.5577
2023-01-11 07:00:00,4.0163,112.281,0.3292
2023-01-11 08:00:00,4.2356,115.503,10.9366
2023-01-11 09:00:00,4.3751,117.59,13.7354
2023-01-11 10:00:00,4.2465,118.141,3.246
2023-01-11 11:00:00,4.0285,112.763,2.351
2023-01-11 12:00:00,3.6447,106.082,2.0036
2023-01-11 13:00:00,3.7128,105.862,6.0957
2023-01-11 14:00:00,3.6437,106.845,8.932
2023-01-11 15:00:00,3.6006,104.78,7.313
2023-01-11 16:00:00,3.5021,101.767,2.0724
2023-01-11 17:00:00,3.759,107.983,16.6682
2023-01-11 18:00:00,3.7791,108.737,3.3579
2023-01-11 19:00:00,3.6001,106.678,2.8934
2023-01-11 20:00:00,3.5906,103.366,4.5414
2023-01-11 21:00:00,3.6851,106.462,8.2328
2023-01-11 22:00:00,3.5243,101.213,0.186
2023-01-11 23:00:00,3.3471,99.48,0.4273
2023-01-12 00:00:00,3.7587,109.674,3.0513
2023-01-12 01:00:00,3.786,107.897,5.9385
2023-01-12 02:00:00,3.9406,111.058,3.3365
2023-01-12 03:00:00,3.9607,112.9,4.3129
2023-01-12 04:00:00,3.9234,109.386,3.0044
2023-01-12 05:00:00,3.847,110.942,1.6296
2023-01-12 06:00:00,3.9642,110.849,0.907
2023-01-12 07:00:00,3.9175,110.756,8.5711
2023-01-12 08:00:00,3.8567,109.401,1.8159
2023-01-12 09:00:00,4.1618,113.656,18.0271
2023-01-12 10:00:00,4.1556,114.912,3.9085
2023-01-12 11:00:00,3.9075,109.669,5.654
2023-01-12 12:00:00,3.7948,108.607,2.2511
2023-01-12 13:00:00,3.5675,105.109,1.507
2023-01-12 14:00:00,3.3708,99.114,3.5679
2023-01-12 15:00:00,2.9953,92.317,1.7636
2023-01-12 16:00:00,3.3043,96.357,5.6461
2023-01-12 17:00:00,3.7181,105.515,18.8165
2023-01-12 18:00:00,3.8972,108.94,13.6196
2023-01-12 19:00:00,3.7478,109.122,2.376
2023-01-12 20:00:00,3.8757,108.332,8.8463
2023-01-12 21:00:00,4.1385,115.797,13.7317
2023-01-12 22:00:00,4.3559,117.14,8.0823
2023-01-12 23:00:00,4.4169,120.863,11.6024
2023-01-13 00:00:00,4.5179,122.064,4.9212
2023-01-13 01:00:00,4.4549,121.692,0.9533
2023-01-13 02:00:00,4.3838,117.883,7.1464
2023-01-13 03:00:00,4.503,121.24,5.5695
2023-01-13 04:00:00,4.5198,124.207,4.3675
2023-01-13 05:00:00,4.3193,117.462,0.2525
2023-01-13 06:00:00,4.3499,119.274,4.9264
2023-01-13 07:00:00,4.5161,118.065,6.722
2023-01-13 08:00:00,4.2427,118.502,6.0415
2023-01-13 09:00:00,4.2782,116.44,6.1755
2023-01-13 10:00:00,4.2951,116.541,6.5811
2023-01-13 11:00:00,3.97,110.579,2.3236
2023-01-13 12:00:00,4.0989,113.375,11.4358
2023-01-13 13:00:00,3.8397,108.509,0.321
2023-01-13 14:00:00,3.6631,104.955,6.1808
2023-01-13 15:00:00,3.6341,104.667,5.5064
2023-01-13 16:00:00,3.6454,105.132,5.7113
2023-01-13 17:00:00,3.3332,98.76,0.934
2023-01-13 18:00:00,3.2474,100.6,0.6201
2023-01-13 19:00:00,3.153,94.341,1.8805
2023-01-13 20:00:00,3.2917,98.443,9.356
2023-01-13 21:00:00,3.7659,107.5,12.742
2023-01-13 22:00:00,3.7285,106.013,1.3258
2023-01-13 23:00:00,3.655,105.664,4.2671
2023-01-14 00:00:00,3.7599,108.13,3.8759
2023-01-14 01:00:00,3.7923,108.156,0.516
2023-01-14 02:00:00,3.7378,106.26,0.7742
2023-01-14 03:00:00,4.0779,111.84,11.258
2023-01-14 04:00:00,3.9626,111.68,1.864
2023-01-14 05:00:00,3.8444,109.361,1.3402
2023-01-14 06:00:00,3.949,110.992,1.8357
2023-01-14 07:00:00,4.1535,116.396,12.454
2023-01-14 08:00:00,3.9293,107.995,1.6621
2023-01-14 09:00:00,4.1368,112.324,3.2732
2023-01-14 10:00:00,3.9795,112.625,6.7982
2023-01-14 11:00:00,3.906,110.763,5.4938
2023-01-14 12:00:00,3.5767,105.461,1.9947
2023-01-14 13:00:00,3.6651,104.798,7.2571
2023-01-14 14:00:00,3.5811,105.109,10.9692
2023-01-14 15:00:00,3.5189,104.269,0.2054
2023-01-14 16:00:00,3.632,105.215,6.9345
2023-01-14 17:00:00,3.2607,97.127,1.9849
2023-01-14 18:00:00,3.2228,99.014,0.3926
2023-01-14 19:00:00,3.2971,98.349,5.1233
2023-01-14 20:00:00,3.1621,97.32,3.3596
2023-01-14 21:00:00,3.2887,97.812,0.8668
2023-01-14 22:00:00,3.4845,103.019,5.7422
2023-01-14 23:00:00,4.0331,110.429,21.2974
2023-01-15 00:00:00,3.9141,109.655,1.6567
2023-01-15 01:00:00,3.9618,112.314,2.6251
2023-01-15 02:00:00,4.1076,116.376,6.2586
2023-01-15 03:00:00,4.2995,117.304,10.3681
2023-01-15 04:00:00,4.8718,126.757,18.3511
2023-01-15 05:00:00,4.6398,122.033,0.4042
2023-01-15 06:00:00,4.4148,118.624,2.1339
2023-01-15 07:00:00,4.4065,120.505,4.2291
2023-01-15 08:00:00,4.0516,109.302,0.0031
2023-01-15 09:00:00,4.0355,110.802,3.5406
2023-01-15 10:00:00,3.8702,110.59,2.0658
2023-01-15 11:00:00,4.1094,109.337,12.0176
2023-01-15 12:00:00,3.878,108.866,5.2652
2023-01-15 13:00:00,4.0075,111.571,8.658
2023-01-15 14:00:00,3.7982,108.024,1.8348
2023-01-15 15:00:00,3.7131,107.935,8.5347
2023-01-15 16:00:00,3.5533,105.099,2.5709
2023-01-15 17:00:00,3.6892,106.361,4.7211
2023-01-15 18:00:00,3.591,105.768,9.3845
2023-01-15 19:00:00,3.8252,106.994,8.5448
2023-01-15 20:00:00,3.6384,106.682,3.1814
2023-01-15 21:00:00,3.7594,105.746,5.5465
2023-01-15 22:00:00,3.6652,107.559,2.551
2023-01-15 23:00:00,3.6504,105.711,2.4336
2023-01-16 00:00:00,3.7396,107.623,2.3389
2023-01-16 01:00:00,3.7875,108.248,3.673
2023-01-16 02:00:00,4.0625,113.37,4.9528
2023-01-16 03:00:00,3.8933,111.043,1.7669
2023-01-16 04:00:00,3.9102,110.725,2.1701
2023-01-16 05:00:00,4.1964,114.509,9.6255
2023-01-16 06:00:00,4.432,120.34,12.1485
2023-01-16 07:00:00,4.3361,118.721,2.7884
2023-01-16 08:00:00,4.1896,116.239,1.9283
2023-01-16 09:00:00,4.005,113.715,1.4652
2023-01-16 10:00:00,3.7584,108.151,0.1058
2023-01-16 11:00:00,3.7613,107.036,1.8853
2023-01-16 12:00:00,3.6871,106.479,9.0831
2023-01-16 13:00:00,3.609,103.56,3.0252
2023-01-16 14:00:00,3.6027,106.266,6.256
2023-01-16 15:00:00,3.4929,104.233,5.058
2023-01-16 16:00:00,3.3738,101.192,1.5242
2023-01-16 17:00:00,3.069,95.369,2.784
2023-01-16 18:00:00,3.0887,96.287,2.6733
2023-01-16 19:00:00,3.0813,93.203,0.903
2023-01-16 20:00:00,2.9429,94.646,1.6295
2023-01-16 21:00:00,2.996,94.224,2.861
2023-01-16 22:00:00,3.1463,96.53,3.7301
2023-01-16 23:00:00,3.3012,100.425,5.5342
2023-01-17 00:00:00,3.3831,102.43,1.2586
2023-01-17 01:00:00,3.622,106.433,2.8909
2023-01-17 02:00:00,3.5568,103.415,1.992
2023-01-17 03:00:00,3.5712,104.804,0.7457
2023-01-17 04:00:00,3.6008,106.244,1.8662
2023-01-17 05:00:00,3.6577,106.831,0.3222
2023-01-17 06:00:00,3.8396,109.855,13.1843
2023-01-17 07:00:00,3.9374,110.761,0.4428
2023-01-17 08:00:00,3.8879,108.598,4.2286
2023-01-17 09:00:00,3.7379,107.527,2.2685
2023-01-17 10:00:00,3.8805,109.94,7.9602
2023-01-17 11:00:00,3.6484,105.677,0.4165
2023-01-17 12:00:00,3.2678,99.928,0.9098
2023-01-17 13:00:00,3.2755,99.28,7.7401
2023-01-17 14:00:00,3.1559,96.845,1.7614
2023-01-17 15:00:00,3.1525,94.947,0.4441
2023-01-17 16:00:00,3.1122,95.021,7.0421
2023-01-17 17:00:00,3.1255,97.3,6.8117
2023-01-17 18:00:00,3.5098,103.88,11.1272
2023-01-17 19:00:00,3.5347,102.752,5.5671
2023-01-17 20:00:00,3.4117,101.928,0.6977
2023-01-17 21:00:00,3.4071,101.073,0.566
2023-01-17 22:00:00,3.6377,105.553,8.3726
2023-01-17 23:00:00,3.4262,102.817,0.8413
2023-01-18 00:00:00,3.9707,111.819,13.5246
2023-01-18 01:00:00,4.0148,112.336,2.8827
2023-01-18 02:00:00,3.883,109.987,5.1574
2023-01-18 03:00:00,4.2334,116.455,9.4527
2023-01-18 04:00:00,4.3007,116.45,6.6877
2023-01-18 05:00:00,4.3689,119.229,4.663
2023-01-18 06:00:00,4.4801,120.861,3.2364
2023-01-18 07:00:00,4.1871,116.105,0.7124
2023-01-18 08:00:00,4.0808,114.028,4.5287
2023-01-18 09:00:00,4.0302,111.63,5.9504
2023-01-18 10:00:00,3.9393,112.695,2.2896
2023-01-18 11:00:00,3.7504,105.908,2.3412
2023-01-18 12:00:00,3.625,104.671,2.8362
2023-01-18 13:00:00,3.5988,105.806,5.7063
2023-01-18 14:00:00,3.5394,102.442,4.5962
2023-01-18 15:00:00,3.5022,101.738,5.5939
2023-01-18 16:00:00,3.4574,101.88,2.5866
2023-01-18 17:00:00,3.3352,101.751,8.9163
2023-01-18 18:00:00,3.5377,106.077,1.7357
2023-01-18 19:00:00,3.7273,107.338,12.7116
2023-01-18 20:00:00,3.7366,107.096,4.6588
2023-01-18 21:00:00,3.8371,106.696,5.5322
2023-01-18 22:00:00,3.6532,104.349,0.1937
2023-01-18 23:00:00,3.5552,103.672,2.6039
2023-01-19 00:00:00,3.8237,109.458,5.6395
2023-01-19 01:00:00,4.0252,113.639,3.3434
2023-01-19 02:00:00,4.1499,115.676,8.9424
2023-01-19 03:00:00,4.1841,115.514,5.7118
2023-01-19 04:00:00,4.2785,117.324,1.735
2023-01-19 05:00:00,4.3402,119.239,7.7101
2023-01-19 06:00:00,4.1172,114.485,2.65
2023-01-19 07:00:00,4.0437,114.308,3.2138
2023-01-19 08:00:00,3.9906,112.043,0.0611
2023-01-19 09:00:00,4.0414,112.341,9.1621
2023-01-19 10:00:00,3.9633,114.969,2.3097
2023-01-19 11:00:00,3.8679,110.727,5.1085
2023-01-19 12:00:00,3.6189,105.183,0.431
2023-01-19 13:00:00,3.4033,100.542,2.4872
2023-01-19 14:00:00,3.3166,99.654,4.3797
2023-01-19 15:00:00,3.8914,109.093,22.504
2023-01-19 16:00:00,3.7926,106.569,0.4306
2023-01-19 17:00:00,4.4088,119.983,26.1323
2023-01-19 18:00:00,4.6043,123.896,14.9505
2023-01-19 19:00:00,4.7209,124.54,12.5217
2023-01-19 20:00:00,4.3466,117.848,0.8776
2023-01-19 21:00:00,4.2081,115.7,0.1073
2023-01-19 22:00:00,4.1199,115.397,3.0578
2023-01-19 23:00:00,4.3114,117.077,8.0577
2023-01-20 00:00:00,4.0519,114.693,1.8072
2023-01-20 01:00:00,4.319,119.574,3.5375
2023-01-20 02:00:00,4.2107,117.213,7.875
2023-01-20 03:00:00,4.2805,116.058,0.257
2023-01-20 04:00:00,4.44,119.792,8.2374
2023-01-20 05:00:00,4.4668,121.121,1.5889
2023-01-20 06:00:00,4.2997,116.66,3.9087
2023-01-20 07:00:00,4.0307,114.523,0.0297
2023-01-20 08:00:00,3.9878,111.908,4.2109
2023-01-20 09:00:00,3.9977,112.101,4.141
2023-01-20 10:00:00,3.8166,110.363,0.0563
2023-01-20 11:00:00,3.8034,108.12,5.4715
2023-01-20 12:00:00,3.4971,102.978,3.6671
2023-01-20 13:00:00,3.7368,107.126,8.4216
2023-01-20 14:00:00,3.6686,106.916,7.7821
2023-01-20 15:00:00,3.4444,103.181,0.8626
2023-01-20 16:00:00,3.4824,101.902,3.5229
2023-01-20 17:00:00,3.3449,99.461,2.9414
2023-01-20 18:00:00,3.2047,97.686,3.2903
2023-01-20 19:00:00,3.301,100.722,0.2086
2023-01-20 20:00:00,3.0867,94.388,0.0004
2023-01-20 21:00:00,3.2119,97.989,3.7182
2023-01-20 22:00:00,3.1181,98.321,0.2476
2023-01-20 23:00:00,3.085,94.755,0.3238
2023-01-21 00:00:00,3.3367,100.096,5.452
2023-01-21 01:00:00,3.4547,100.873,2.4225
2023-01-21 02:00:00,3.7112,107.309,5.211
2023-01-21 03:00:00,3.7102,106.003,2.0703
2023-01-21 04:00:00,3.7067,106.24,1.0472
2023-01-21 05:00:00,3.6557,105.293,0.0413
2023-01-21 06:00:00,3.8597,110.599,5.6698
2023-01-21 07:00:00,3.8561,108.428,0.7522
2023-01-21 08:00:00,3.8584,111.814,3.5595
2023-01-21 09:00:00,3.6456,104.35,0.6269
2023-01-21 10:00:00,4.0075,112.387,17.2557
2023-01-21 11:00:00,4.1651,114.261,8.6321
2023-01-21 12:00:00,3.778,109.3,0.1862
2023-01-21 13:00:00,3.7488,109.285,6.9227
2023-01-21 14:00:00,3.6331,105.385,2.127
2023-01-21 15:00:00,3.6273,104.589,6.3366
2023-01-21 16:00:00,3.3996,101.937,1.6569
2023-01-21 17:00:00,3.2678,98.771,3.7395
2023-01-21 18:00:00,3.4658,100.628,4.5179
2023-01-21 19:00:00,3.3358,99.978,4.1644
2023-01-21 20:00:00,3.2961,100.309,0.9444
2023-01-21 21:00:00,3.2513,99.156,1.1968
2023-01-21 22:00:00,3.5169,102.972,3.718
2023-01-21 23:00:00,3.7671,107.83,12.527
2023-01-22 00:00:00,3.8085,112.003,1.2492
2023-01-22 01:00:00,3.7153,106.649,8.5156
2023-01-22 02:00:00,3.9877,112.756,5.5482
2023-01-22 03:00:00,4.6528,123.928,20.0208
2023-01-22 04:00:00,5.635,140.636,33.7188
2023-01-22 05:00:00,5.2727,134.868,0.282
2023-01-22 06:00:00,5.1471,131.699,0.7863
2023-01-22 07:00:00,4.9348,128.19,3.623
2023-01-22 08:00:00,4.6439,126.349,2.1092
2023-01-22 09:00:00,4.8325,126.839,13.0149
2023-01-22 10:00:00,4.7976,125.881,7.7017
2023-01-22 11:00:00,4.6138,122.015,2.4986
2023-01-22 12:00:00,4.2974,119.42,4.8105
2023-01-22 13:00:00,4.0919,112.751,0.2124
2023-01-22 14:00:00,3.9089,108.076,1.8492
2023-01-22 15:00:00,3.6787,106.261,4.8576
2023-01-22 16:00:00,3.9166,109.357,13.1127
2023-01-22 17:00:00,3.7945,108.84,2.0051
2023-01-22 18:00:00,3.5569,104.197,3.0967
2023-01-22 19:00:00,3.3955,100.764,0.599
2023-01-22 20:00:00,3.3368,99.954,2.8584
2023-01-22 21:00:00,3.9347,111.149,13.5613
2023-01-22 22:00:00,3.8028,109.012,1.1051
2023-01-22 23:00:00,3.8801,109.216,5.6522
2023-01-23 00:00:00,3.9235,109.314,3.4012
2023-01-23 01:00:00,4.0089,112.994,1.3858
2023-01-23 02:00:00,3.8159,107.252,1.452
2023-01-23 03:00:00,3.808,107.765,0.0937
2023-01-23 04:00:00,3.8325,110.628,2.8578
2023-01-23 05:00:00,4.1589,114.155,8.0013
2023-01-23 06:00:00,4.0571,113.584,1.003
2023-01-23 07:00:00,4.1455,114.414,6.6972
2023-01-23 08:00:00,3.9964,110.665,1.4502
2023-01-23 09:00:00,3.9124,110.73,2.4591
2023-01-23 10:00:00,4.4485,118.693,22.6531
2023-01-23 11:00:00,4.2156,115.113,4.5788
2023-01-23 12:00:00,4.3232,117.532,11.5309
2023-01-23 13:00:00,4.2935,118.14,9.4754
2023-01-23 14:00:00,4.3476,120.434,5.2792
2023-01-23 15:00:00,4.0737,111.918,1.6667
2023-01-23 16:00:00,4.1701,114.554,15.2337
2023-01-23 17:00:00,3.9456,111.709,0.3727
2023-01-23 18:00:00,3.6415,106.674,0.0983
2023-01-23 19:00:00,3.7393,107.964,4.9713
2023-01-23 20:00:00,3.5697,104.594,3.3009
2023-01-23 21:00:00,3.7456,103.633,2.5457
2023-01-23 22:00:00,3.7482,106.242,5.4249
2023-01-23 23:00:00,4.2289,115.397,16.4675
2023-01-24 00:00:00,4.1685,117.064,1.955
2023-01-24 01:00:00,4.0687,113.066,0.4356
2023-01-24 02:00:00,4.0957,116.05,3.7262
2023-01-24 03:00:00,4.0543,113.956,2.5897
2023-01-24 04:00:00,4.2515,117.106,4.6393
2023-01-24 05:00:00,4.2426,117.175,5.1557
2023-01-24 06:00:00,4.492,119.51,5.9197
2023-01-24 07:00:00,4.3152,116.548,0.3316
2023-01-24 08:00:00,3.9518,108.821,0.6044
2023-01-24 09:00:00,3.8347,108.95,0.7548
2023-01-24 10:00:00,3.7949,109.819,6.0408
2023-01-24 11:00:00,3.781,106.313,1.683
2023-01-24 12:00:00,3.5282,102.629,0.5076
2023-01-24 13:00:00,3.4094,100.996,3.5619
2023-01-24 14:00:00,3.3071,99.849,2.0916
2023-01-24 15:00:00,3.5323,105.499,14.8953
2023-01-24 16:00:00,3.4603,103.404,3.2832
2023-01-24 17:00:00,3.3266,100.586,4.076
2023-01-24 18:00:00,3.64,105.585,10.3026
2023-01-24 19:00:00,3.4984,104.158,1.9984
2023-01-24 20:00:00,3.4863,102.544,0.6435
2023-01-24 21:00:00,3.4429,100.506,5.0989
2023-01-24 22:00:00,3.525,103.624,2.6971
2023-01-24 23:00:00,3.7357,106.078,5.3761
2023-01-25 00:00:00,3.8914,110.809,7.2531
2023-01-25 01:00:00,3.8562,110.9,3.2997
2023-01-25 02:00:00,4.0444,111.348,5.4225
2023-01-25 03:00:00,4.0625,113.342,1.3814
2023-01-25 04:00:00,3.9382,110.464,1.8271
2023-01-25 05:00:00,4.1165,113.607,1.0859
2023-01-25 06:00:00,4.1255,112.719,6.6999
2023-01-25 07:00:00,4.2446,116.792,7.4298
2023-01-25 08:00:00,4.0206,112.528,0.7353
2023-01-25 09:00:00,3.8227,108.684,1.4284
2023-01-25 10:00:00,3.9029,110.477,2.4515
2023-01-25 11:00:00,3.5045,104.029,0.2131
2023-01-25 12:00:00,3.5478,106.71,4.7596
2023-01-25 13:00:00,3.4513,103.821,0.2224
2023-01-25 14:00:00,3.4717,103.334,7.6471
2023-01-25 15:00:00,3.318,98.496,3.1765
2023-01-25 16:00:00,3.1743,96.422,1.168
2023-01-25 17:00:00,3.0407,93.312,0.9699
2023-01-25 18:00:00,3.0628,96.375,1.3183
2023-01-25 19:00:00,3.031,95.497,1.7746
2023-01-25 20:00:00,3.0329,95.337,5.8341
2023-01-25 21:00:00,3.7218,108.216,14.0362
2023-01-25 22:00:00,3.5698,105.804,3.2192
2023-01-25 23:00:00,4.1307,113.488,16.8559
2023-01-26 00:00:00,4.0973,115.614,1.8839
2023-01-26 01:00:00,6.4244,153.224,66.5075
2023-01-26 02:00:00,5.9931,145.624,0.7778
2023-01-26 03:00:00,5.5963,139.558,0.1074
2023-01-26 04:00:00,5.6401,143.773,7.0499
2023-01-26 05:00:00,5.2986,136.578,2.2603
2023-01-26 06:00:00,5.3329,136.654,0.2193
2023-01-26 07:00:00,4.9054,128.511,2.6504
2023-01-26 08:00:00,4.7269,125.294,3.0214
2023-01-26 09:00:00,4.3143,118.725,2.7556
2023-01-26 10:00:00,4.2605,116.886,1.8985
2023-01-26 11:00:00,4.2524,116.979,3.3042
2023-01-26 12:00:00,3.8694,109.418,0.5119
2023-01-26 13:00:00,3.6122,105.472,0.039
2023-01-26 14:00:00,3.4694,102.715,3.7442
2023-01-26 15:00:00,3.3606,100.132,4.3423
2023-01-26 16:00:00,3.5137,102.347,1.8131
2023-01-26 17:00:00,3.4274,101.929,3.5778
2023-01-26 18:00:00,3.2809,99.604,3.2807
2023-01-26 19:00:00,3.1674,95.765,1.1213
2023-01-26 20:00:00,3.1878,97.674,0.5126
2023-01-26 21:00:00,3.0003,93.012,0.858
2023-01-26 22:00:00,3.4949,100.676,8.5122
2023-01-26 23:00:00,3.5364,105.884,1.3105
2023-01-27 00:00:00,3.461,99.911,1.6034
2023-01-27 01:00:00,3.9083,110.555,3.1197
2023-01-27 02:00:00,3.5849,105.064,1.1178
2023-01-27 03:00:00,3.6917,107.766,0.6318
2023-01-27 04:00:00,3.7572,106.596,2.7925
2023-01-27 05:00:00,3.9168,112.113,6.9773
2023-01-27 06:00:00,4.0561,113.663,6.7896
2023-01-27 07:00:00,4.438,119.368,11.7944
2023-01-27 08:00:00,4.3165,116.526,3.4243
2023-01-27 09:00:00,4.0202,112.176,3.4461
2023-01-27 10:00:00,4.4316,120.504,16.3634
2023-01-27 11:00:00,4.4823,121.886,8.4324
2023-01-27 12:00:00,4.2544,116.231,1.929
2023-01-27 13:00:00,4.0941,114.248,6.7682
2023-01-27 14:00:00,3.9423,111.767,3.7167
2023-01-27 15:00:00,3.9598,111.28,1.4996
2023-01-27 16:00:00,3.2245,97.333,0.5292
2023-01-27 17:00:00,3.3994,101.163,1.7826
2023-01-27 18:00:00,3.4152,98.241,0.3608
2023-01-27 19:00:00,3.405,101.746,6.2262
2023-01-27 20:00:00,3.3552,100.977,3.6727
2023-01-27 21:00:00,3.3326,100.471,0.6539
2023-01-27 22:00:00,3.3621,100.622,1.0363
2023-01-27 23:00:00,3.4257,99.565,0.034
2023-01-28 00:00:00,3.6733,105.789,11.8863
2023-01-28 01:00:00,3.8705,110.314,2.4799
2023-01-28 02:00:00,3.8214,107.157,0.3442
2023-01-28 03:00:00,4.2241,116.931,9.7855
2023-01-28 04:00:00,4.2736,117.46,8.0326
2023-01-28 05:00:00,4.2896,117.295,2.0392
2023-01-28 06:00:00,4.0288,112.523,1.1297
2023-01-28 07:00:00,4.1351,114.446,0.3726
2023-01-28 08:00:00,3.9514,111.842,0.0433
2023-01-28 09:00:00,4.3328,117.489,14.0562
2023-01-28 10:00:00,4.067,113.685,4.0525
2023-01-28 11:00:00,3.9929,112.511,2.1259
2023-01-28 12:00:00,3.7942,105.392,2.5391
2023-01-28 13:00:00,3.5461,104.411,1.536
2023-01-28 14:00:00,3.3133,99.155,1.4306
2023-01-28 15:00:00,3.1955,97.142,1.3569
2023-01-28 16:00:00,3.2123,96.736,4.1113
2023-01-28 17:00:00,3.515,102.738,10.3483
2023-01-28 18:00:00,3.4779,102.409,3.4438
2023-01-28 19:00:00,3.4324,101.206,4.6544
2023-01-28 20:00:00,3.4145,101.736,1.4173
2023-01-28 21:00:00,3.6827,106.415,8.9672
2023-01-28 22:00:00,3.7041,104.936,2.3143
2023-01-28 23:00:00,3.5751,102.405,1.3011
2023-01-29 00:00:00,3.5464,103.724,0.4395
2023-01-29 01:00:00,3.676,106.777,2.8197
2023-01-29 02:00:00,4.0036,112.032,10.1537
2023-01-29 03:00:00,4.5107,120.033,10.8736
2023-01-29 04:00:00,4.1473,114.587,0.6898
2023-01-29 05:00:00,4.1223,112.613,2.5513
2023-01-29 06:00:00,4.3934,119.888,5.0211
2023-01-29 07:00:00,4.5759,123.823,9.9457
2023-01-29 08:00:00,4.4978,119.002,5.6393
2023-01-29 09:00:00,4.3324,117.094,4.5782
2023-01-29 10:00:00,4.5032,121.576,11.9
2023-01-29 11:00:00,4.2911,115.853,2.8794
2023-01-29 12:00:00,4.7431,124.787,22.6694
2023-01-29 13:00:00,4.5081,121.208,1.7592
2023-01-29 14:00:00,4.7681,124.888,21.1969
2023-01-29 15:00:00,4.5901,122.78,2.2411
2023-01-29 16:00:00,4.3803,118.313,2.716
2023-01-29 17:00:00,4.5577,125.264,18.3539
2023-01-29 18:00:00,4.5445,122.542,6.122
2023-01-29 19:00:00,4.457,121.24,6.1815
2023-01-29 20:00:00,4.2719,115.238,4.0741
2023-01-29 21:00:00,4.2034,118.999,1.9859
2023-01-29 22:00:00,4.0843,114.278,3.5134
2023-01-29 23:00:00,4.1601,115.845,3.3315
2023-01-30 00:00:00,4.1595,115.745,2.0693
2023-01-30 01:00:00,4.1971,115.421,0.5929
2023-01-30 02:00:00,4.3551,118.349,5.7741
2023-01-30 03:00:00,4.6719,123.48,10.9673
2023-01-30 04:00:00,4.5224,122.974,1.3695
2023-01-30 05:00:00,4.5797,121.13,7.1548
2023-01-30 06:00:00,4.4777,120.299,1.8788
2023-01-30 07:00:00,4.5348,123.462,7.5265
2023-01-30 08:00:00,4.7977,126.32,10.15
2023-01-30 09:00:00,4.4525,119.449,4.7423
2023-01-30 10:00:00,4.5676,124.129,7.396
2023-01-30 11:00:00,4.5116,121.427,8.5548
2023-01-30 12:00:00,4.3491,116.661,2.9918
2023-01-30 13:00:00,4.2617,115.197,8.1782
2023-01-30 14:00:00,4.206,117.484,5.0097
2023-01-30 15:00:00,4.0027,112.519,3.377
2023-01-30 16:00:00,4.1509,114.385,11.4653
2023-01-30 17:00:00,3.929,110.499,2.2616
2023-01-30 18:00:00,3.6239,105.978,0.2702
2023-01-30 19:00:00,3.6901,106.691,0.5977
2023-01-30 20:00:00,3.5482,102.293,2.0258
2023-01-30 21:00:00,3.7261,107.727,7.5503
2023-01-30 22:00:00,3.8296,108.093,4.6181
2023-01-30 23:00:00,3.6477,107.751,0.3235
2023-01-31 00:00:00,3.7998,109.98,2.5715
2023-01-31 01:00:00,3.9752,112.866,3.3831
2023-01-31 02:00:00,4.4701,121.199,14.7787
2023-01-31 03:00:00,4.2365,115.482,4.0771
2023-01-31 04:00:00,4.4987,119.492,3.4469
2023-01-31 05:00:00,4.4617,122.054,3.534
2023-01-31 06:00:00,4.3204,117.306,1.3328
2023-01-31 07:00:00,4.2964,118.377,3.1178
2023-01-31 08:00:00,4.5674,120.01,13.5983
2023-01-31 09:00:00,4.3019,117.036,2.3469
2023-01-31 10:00:00,4.1981,114.36,0.3242
2023-01-31 11:00:00,3.9917,111.592,4.9902
2023-01-31 12:00:00,3.9711,112.356,5.9565
2023-01-31 13:00:00,3.8758,111.607,3.7983
2023-01-31 14:00:00,3.6314,104.288,0.9519
2023-01-31 15:00:00,3.6275,105.89,4.5978
2023-01-31 16:00:00,3.5887,106.321,4.5161
2023-01-31 17:00:00,3.4261,102.22,1.3708
2023-01-31 18:00:00,3.4187,101.775,5.2434
2023-01-31 19:00:00,3.4286,100.518,0.7922
2023-01-31 20:00:00,3.4678,103.547,4.3999
2023-01-31 21:00:00,3.5248,105.141,2.5105
2023-01-31 22:00:00,3.6421,105.247,4.6481
2023-01-31 23:00:00,3.6036,105.492,2.4779
2023-02-01 00:00:00,3.7549,107.151,1.6017
2023-02-01 01:00:00,4.1153,113.146,8.9293
2023-02-01 02:00:00,3.9485,111.328,2.5215
2023-02-01 03:00:00,4.0243,113.049,0.3674
2023-02-01 04:00:00,4.2126,114.251,3.6488
2023-02-01 05:00:00,4.237,117.887,5.1677
2023-02-01 06:00:00,4.0665,112.374,0.8084
2023-02-01 07:00:00,3.9248,110.082,1.617
2023-02-01 08:00:00,4.1679,113.686,8.95
2023-02-01 09:00:00,4.0627,112.429,0.9976
2023-02-01 10:00:00,3.9741,112.427,4.4193
2023-02-01 11:00:00,3.7671,109.359,0.7349
2023-02-01 12:00:00,3.9597,110.552,13.3266
2023-02-01 13:00:00,4.0119,111.224,3.2944
2023-02-01 14:00:00,4.2249,115.078,14.9279
2023-02-01 15:00:00,3.8895,109.869,2.3098
2023-02-01 16:00:00,3.7578,108.293,2.1629
2023-02-01 17:00:00,3.5998,104.384,1.4797
2023-02-01 18:00:00,3.5123,105.251,1.3365
2023-02-01 19:00:00,3.45,102.986,4.976
2023-02-01 20:00:00,4.0516,116.028,15.4339
2023-02-01 21:00:00,4.2595,116.967,7.1909
2023-02-01 22:00:00,4.098,114.458,3.6539
2023-02-01 23:00:00,4.0126,111.411,3.93
2023-02-02 00:00:00,4.0607,114.781,5.1655
2023-02-02 01:00:00,4.2946,116.572,0.1427
2023-02-02 02:00:00,4.214,116.996,5.3611
2023-02-02 03:00:00,4.2853,115.543,0.8446
2023-02-02 04:00:00,4.2493,117.029,4.8283
2023-02-02 05:00:00,4.3065,120.195,2.0163
2023-02-02 06:00:00,4.4697,121.561,9.7089
2023-02-02 07:00:00,4.4272,116.58,5.3745
2023-02-02 08:00:00,4.4454,122.466,5.9917
2023-02-02 09:00:00,4.4662,121.341,3.663
2023-02-02 10:00:00,4.2855,118.238,5.5157
2023-02-02 11:00:00,4.3127,116.088,8.6927
2023-02-02 12:00:00,4.1593,113.605,2.1683
2023-02-02 13:00:00,4.1251,115.541,7.5104
2023-02-02 14:00:00,3.9826,114.91,3.5285
2023-02-02 15:00:00,4.0357,114.356,8.0935
2023-02-02 16:00:00,3.7265,105.306,0.8117
2023-02-02 17:00:00,3.6629,107.467,2.1412
2023-02-02 18:00:00,4.382,119.675,25.3764
2023-02-02 19:00:00,4.3431,118.209,3.1714
2023-02-02 20:00:00,4.3804,119.061,6.7502
2023-02-02 21:00:00,4.5428,121.807,11.9257
2023-02-02 22:00:00,4.373,117.558,1.5761
2023-02-02 23:00:00,4.5067,119.563,5.8784
2023-02-03 00:00:00,4.3629,116.817,2.0859
2023-02-03 01:00:00,4.3221,117.956,0.2778
2023-02-03 02:00:00,4.3853,119.617,2.2003
2023-02-03 03:00:00,4.4993,119.051,8.5329
2023-02-03 04:00:00,4.5414,122.739,0.8174
2023-02-03 05:00:00,4.4445,119.457,2.2577
2023-02-03 06:00:00,4.6416,123.258,13.5315
2023-02-03 07:00:00,4.5039,119.841,2.1648
2023-02-03 08:00:00,4.603,122.779,4.5817
2023-02-03 09:00:00,4.4276,119.45,3.8177
2023-02-03 10:00:00,4.3665,119.74,2.9564
2023-02-03 11:00:00,3.98,113.671,0.491
2023-02-03 12:00:00,3.901,109.255,3.1888
2023-02-03 13:00:00,3.8048,107.865,3.193
2023-02-03 14:00:00,3.5399,104.292,1.7737
2023-02-03 15:00:00,3.4529,101.79,2.776
2023-02-03 16:00:00,3.9416,111.94,16.7357
2023-02-03 17:00:00,3.9705,109.957,7.9157
2023-02-03 18:00:00,3.7618,108.384,8.1989
2023-02-03 19:00:00,4.0248,111.783,6.574
2023-02-03 20:00:00,3.9211,111.005,1.2308
2023-02-03 21:00:00,3.9705,111.331,2.1347
2023-02-03 22:00:00,3.8868,107.918,4.799
2023-02-03 23:00:00,3.9752,111.918,1.3638
2023-02-04 00:00:00,4.0004,113.086,1.5288
2023-02-04 01:00:00,3.8021,108.042,0.7785
2023-02-04 02:00:00,3.8705,110.802,2.4279
2023-02-04 03:00:00,4.3244,121.663,8.5102
2023-02-04 04:00:00,4.6316,123.027,8.1805
2023-02-04 05:00:00,4.6648,123.553,7.6609
2023-02-04 06:00:00,4.5579,121.604,0.9417
2023-02-04 07:00:00,4.4021,115.902,0.7454
2023-02-04 08:00:00,4.1894,115.162,0.5894
2023-02-04 09:00:00,4.209,114.607,6.8711
2023-02-04 10:00:00,4.2127,114.655,6.6013
2023-02-04 11:00:00,4.2989,116.548,8.9638
2023-02-04 12:00:00,4.0016,111.229,0.2681
2023-02-04 13:00:00,3.9264,109.698,1.8426
2023-02-04 14:00:00,3.8283,109.301,2.6679
2023-02-04 15:00:00,3.613,104.271,2.8464
2023-02-04 16:00:00,3.5304,104.357,4.4064
2023-02-04 17:00:00,3.5381,103.538,6.1111
2023-02-04 18:00:00,3.4214,101.158,0.6218
2023-02-04 19:00:00,3.3516,99.29,0.7818
2023-02-04 20:00:00,3.4718,102.635,3.6925
2023-02-04 21:00:00,3.4668,102.518,3.0847
2023-02-04 22:00:00,3.9579,111.726,14.9575
2023-02-04 23:00:00,3.9543,111.516,0.0258
2023-02-05 00:00:00,4.0914,112.552,4.6717
2023-02-05 01:00:00,4.1886,115.705,5.2734
2023-02-05 02:00:00,4.1947,114.062,0.1936
2023-02-05 03:00:00,4.0495,114.21,1.6979
2023-02-05 04:00:00,4.276,118.574,5.1919
2023-02-05 05:00:00,4.3196,117.306,0.6993
2023-02-05 06:00:00,4.1662,113.921,2.5931
2023-02-05 07:00:00,4.2553,114.419,6.7093
2023-02-05 08:00:00,4.2689,114.971,2.5365
2023-02-05 09:00:00,4.1189,113.546,2.0275
2023-02-05 10:00:00,4.1529,113.886,12.0583
2023-02-05 11:00:00,4.6376,123.132,19.7642
2023-02-05 12:00:00,4.3123,118.192,0.3331
2023-02-05 13:00:00,4.1206,114.243,1.2852
2023-02-05 14:00:00,3.9369,111.223,1.6649
2023-02-05 15:00:00,3.96,111.891,8.5107
2023-02-05 16:00:00,3.7773,108.618,0.6661
2023-02-05 17:00:00,3.7388,105.016,2.6546
2023-02-05 18:00:00,3.8484,109.629,9.3522
2023-02-05 19:00:00,3.8284,109.523,6.6289
2023-02-05 20:00:00,3.8765,110.933,2.6515
2023-02-05 21:00:00,3.7525,105.715,2.6253
2023-02-05 22:00:00,3.6973,105.826,1.8309
2023-02-05 23:00:00,3.8132,107.479,0.782
2023-02-06 00:00:00,3.8462,109.21,0.247
2023-02-06 01:00:00,3.8916,109.7,2.307
2023-02-06 02:00:00,4.0562,113.452,2.9819
2023-02-06 03:00:00,3.936,110.906,0.9425
2023-02-06 04:00:00,3.8781,108.024,0.2055
2023-02-06 05:00:00,4.2811,118.135,8.4087
2023-02-06 06:00:00,4.0281,113.47,0.0183
2023-02-06 07:00:00,3.9546,112.25,2.4736
2023-02-06 08:00:00,4.1966,114.387,7.005
2023-02-06 09:00:00,4.1748,116.007,4.9792
2023-02-06 10:00:00,4.3888,119.082,8.0429
2023-02-06 11:00:00,4.0494,111.315,0.772
2023-02-06 12:00:00,3.985,113.918,6.4984
2023-02-06 13:00:00,4.0909,114.676,6.8727
2023-02-06 14:00:00,3.7095,107.398,0.5469
2023-02-06 15:00:00,3.6611,107.441,1.7804
2023-02-06 16:00:00,3.3106,98.001,0.6897
2023-02-06 17:00:00,3.3025,97.788,2.2025
2023-02-06 18:00:00,3.248,97.619,2.4399
2023-02-06 19:00:00,3.3873,101.183,1.8421
2023-02-06 20:00:00,3.2951,99.997,1.8602
2023-02-06 21:00:00,3.4615,104.045,5.4562
2023-02-06 22:00:00,3.5102,102.961,1.6412
2023-02-06 23:00:00,3.6881,106.622,7.7751
2023-02-07 00:00:00,4.2124,117.332,10.1518
2023-02-07 01:00:00,4.5776,122.85,12.8604
2023-02-07 02:00:00,4.6482,123.982,2.5478
2023-02-07 03:00:00,4.5032,121.676,1.9005
2023-02-07 04:00:00,4.4308,119.664,3.3517
2023-02-07 05:00:00,4.6967,125.315,10.9784
2023-02-07 06:00:00,4.7144,124.568,4.7328
2023-02-07 07:00:00,4.588,124.391,1.0517
2023-02-07 08:00:00,4.4503,121.649,0.867
2023-02-07 09:00:00,4.363,117.929,5.901
2023-02-07 10:00:00,4.1835,114.986,4.7854
2023-02-07 11:00:00,4.2157,116.917,5.5761
2023-02-07 12:00:00,4.5489,121.477,9.7069
2023-02-07 13:00:00,4.2855,117.153,2.5737
2023-02-07 14:00:00,3.954,112.061,5.2193
2023-02-07 15:00:00,3.8274,106.545,2.5918
2023-02-07 16:00:00,3.9419,109.884,8.0657
2023-02-07 17:00:00,3.7354,106.446,2.0235
2023-02-07 18:00:00,3.948,108.957,8.6941
2023-02-07 19:00:00,4.4828,119.621,18.9695
2023-02-07 20:00:00,4.4224,118.058,5.9931
2023-02-07 21:00:00,4.2613,115.653,3.3823
2023-02-07 22:00:00,4.0768,111.94,2.3119
2023-02-07 23:00:00,4.2199,116.549,3.5537
2023-02-08 00:00:00,4.3343,118.534,0.0234
2023-02-08 01:00:00,4.2957,119.191,4.6208
2023-02-08 02:00:00,4.506,119.416,6.5424
2023-02-08 03:00:00,4.2041,116.88,0.0234
2023-02-08 04:00:00,4.6085,122.541,3.5315
2023-02-08 05:00:00,4.4591,123.794,0.7849
2023-02-08 06:00:00,4.293,116.951,2.6946
2023-02-08 07:00:00,4.4177,116.918,4.2514
2023-02-08 08:00:00,4.1824,114.83,4.0402
2023-02-08 09:00:00,4.3683,118.703,10.0998
2023-02-08 10:00:00,4.1923,115.963,0.4101
2023-02-08 11:00:00,4.0245,113.248,1.6387
2023-02-08 12:00:00,3.8704,109.693,3.6444
2023-02-08 13:00:00,3.8721,108.608,3.3355
2023-02-08 14:00:00,3.6648,107.747,1.1742
2023-02-08 15:00:00,3.5233,103.485,2.0042
2023-02-08 16:00:00,3.6888,107.295,10.0146
2023-02-08 17:00:00,3.5194,104.283,0.7382
2023-02-08 18:00:00,3.5747,103.899,3.3131
2023-02-08 19:00:00,3.5542,104.846,2.8386
2023-02-08 20:00:00,3.6197,104.673,2.0448
2023-02-08 21:00:00,3.4854,103.452,1.6828
2023-02-08 22:00:00,3.7855,107.654,7.2791
2023-02-08 23:00:00,3.7776,107.917,1.9099
2023-02-09 00:00:00,3.8866,107.42,2.1939
2023-02-09 01:00:00,3.8805,108.274,3.6658
2023-02-09 02:00:00,4.0227,112.647,2.3665
2023-02-09 03:00:00,4.1274,116.72,5.5778
2023-02-09 04:00:00,4.2982,117.754,1.6226
2023-02-09 05:00:00,4.5543,124.118,9.8421
2023-02-09 06:00:00,4.4844,121.397,5.1887
2023-02-09 07:00:00,4.5154,120.298,3.1838
2023-02-09 08:00:00,4.4667,120.188,3.7542
2023-02-09 09:00:00,4.4252,121.869,4.0747
2023-02-09 10:00:00,4.4476,119.4,6.9121
2023-02-09 11:00:00,4.3872,118.161,4.5729
2023-02-09 12:00:00,4.1579,113.262,2.1142
2023-02-09 13:00:00,3.9917,113.422,4.4829
2023-02-09 14:00:00,3.7759,108.621,4.0023
2023-02-09 15:00:00,3.8285,108.591,5.1892
2023-02-09 16:00:00,3.7814,108.011,0.7003
2023-02-09 17:00:00,3.4975,102.185,1.3528
2023-02-09 18:00:00,3.4751,103.402,1.7209
2023-02-09 19:00:00,3.3997,102.002,4.3432
2023-02-09 20:00:00,3.5549,101.746,5.785
2023-02-09 21:00:00,4.2449,118.555,22.1203
2023-02-09 22:00:00,4.3139,116.585,4.4432
2023-02-09 23:00:00,4.4862,120.018,5.0638
2023-02-10 00:00:00,4.5679,120.507,4.7489
2023-02-10 01:00:00,4.54,120.531,0.6145
2023-02-10 02:00:00,4.4823,122.597,0.1439
2023-02-10 03:00:00,4.4675,120.546,3.2062
2023-02-10 04:00:00,4.4768,119.67,9.5212
2023-02-10 05:00:00,4.6342,124.562,5.2043
2023-02-10 06:00:00,4.7848,126.691,4.9933
2023-02-10 07:00:00,4.7057,125.965,6.7218
2023-02-10 08:00:00,4.7886,126.976,7.7776
2023-02-10 09:00:00,4.5559,123.333,1.5999
2023-02-10 10:00:00,4.4518,119.427,3.7683
2023-02-10 11:00:00,4.4301,120.26,7.1576
2023-02-10 12:00:00,4.3122,117.384,2.1151
2023-02-10 13:00:00,4.3726,119.58,11.0798
2023-02-10 14:00:00,4.3772,118.203,4.5793
2023-02-10 15:00:00,4.1715,115.348,7.571
2023-02-10 16:00:00,4.1346,112.281,4.7852
2023-02-10 17:00:00,4.4313,117.987,13.3219
2023-02-10 18:00:00,4.2284,116.672,3.9738
2023-02-10 19:00:00,4.2764,117.122,3.2128
2023-02-10 20:00:00,4.3757,118.86,11.0436
2023-02-10 21:00:00,4.3557,118.424,3.6484
2023-02-10 22:00:00,4.4187,119.759,7.2574
2023-02-10 23:00:00,4.5606,121.607,4.5309
2023-02-11 00:00:00,4.4763,121.158,3.2035
2023-02-11 01:00:00,4.5348,120.783,2.1079
2023-02-11 02:00:00,4.6269,123.716,8.0072
2023-02-11 03:00:00,4.7393,127.247,2.111
2023-02-11 04:00:00,4.8165,127.766,10.9339
2023-02-11 05:00:00,4.8307,127.319,4.5717
2023-02-11 06:00:00,4.996,129.002,7.131
2023-02-11 07:00:00,4.797,127.479,4.1461
2023-02-11 08:00:00,4.5743,122.566,1.7747
2023-02-11 09:00:00,4.4618,120.968,0.5338
2023-02-11 10:00:00,4.6494,123.066,9.8499
2023-02-11 11:00:00,4.3417,115.624,2.6976
2023-02-11 12:00:00,4.1995,115.175,0.0581
2023-02-11 13:00:00,4.1465,113.261,4.4488
2023-02-11 14:00:00,3.7685,108.029,0.9645
2023-02-11 15:00:00,3.5854,104.182,0.2853
2023-02-11 16:00:00,3.4864,104.132,1.6893
2023-02-11 17:00:00,3.8965,110.919,11.0948
2023-02-11 18:00:00,3.6334,104.889,3.3224
2023-02-11 19:00:00,3.6477,105.854,0.7508
2023-02-11 20:00:00,3.5372,103.438,1.7507
2023-02-11 21:00:00,3.6669,103.898,6.3696
2023-02-11 22:00:00,3.6764,106.629,0.4019
2023-02-11 23:00:00,3.8176,108.863,0.7567
2023-02-12 00:00:00,3.9562,114.242,3.3719
2023-02-12 01:00:00,3.9066,109.789,0.9867
2023-02-12 02:00:00,3.9115,108.766,1.9819
2023-02-12 03:00:00,4.172,113.333,5.1578
2023-02-12 04:00:00,4.5092,121.527,13.2502
2023-02-12 05:00:00,4.6403,123.313,5.0648
2023-02-12 06:00:00,4.5144,121.362,1.8198
2023-02-12 07:00:00,4.7807,125.981,7.7017
2023-02-12 08:00:00,4.5256,122.162,0.9536
2023-02-12 09:00:00,4.4453,120.449,5.6749
2023-02-12 10:00:00,4.4003,120.705,4.1407
2023-02-12 11:00:00,4.0896,113.009,1.3734
2023-02-12 12:00:00,3.987,112.575,3.8791
2023-02-12 13:00:00,4.0879,112.631,4.3726
2023-02-12 14:00:00,3.8057,108.355,2.5671
2023-02-12 15:00:00,3.7246,107.708,1.5334
2023-02-12 16:00:00,4.1878,114.868,17.8099
2023-02-12 17:00:00,4.2749,115.429,13.5521
2023-02-12 18:00:00,4.233,118.283,2.7058
2023-02-12 19:00:00,4.0097,111.828,1.283
2023-02-12 20:00:00,3.9281,107.893,0.635
2023-02-12 21:00:00,3.8003,107.008,0.4887
2023-02-12 22:00:00,3.8599,108.883,6.0364
2023-02-12 23:00:00,3.9567,110.408,0.4833
2023-02-13 00:00:00,3.9894,111.957,2.0167
2023-02-13 01:00:00,4.2447,117.698,1.0559
2023-02-13 02:00:00,4.4401,118.554,15.1122
2023-02-13 03:00:00,4.3748,118.811,0.7536
2023-02-13 04:00:00,4.43,118.987,4.2361
2023-02-13 05:00:00,4.5152,122.126,1.3955
2023-02-13 06:00:00,4.5734,121.465,0.9114
2023-02-13 07:00:00,4.2588,118.082,3.3189
2023-02-13 08:00:00,4.3301,117.377,2.5115
2023-02-13 09:00:00,4.7299,125.687,16.3751
2023-02-13 10:00:00,4.7357,124.832,8.4889
2023-02-13 11:00:00,4.3246,117.698,0.1672
2023-02-13 12:00:00,4.4727,119.27,7.6854
2023-02-13 13:00:00,4.3579,118.114,0.9177
2023-02-13 14:00:00,3.8563,108.22,2.857
2023-02-13 15:00:00,3.9289,110.364,1.6522
2023-02-13 16:00:00,3.6581,107.184,1.2904
2023-02-13 17:00:00,3.7542,107.075,2.2822
2023-02-13 18:00:00,3.537,101.773,1.7447
2023-02-13 19:00:00,3.4928,101.189,0.7809
2023-02-13 20:00:00,3.5054,100.942,5.233
2023-02-13 21:00:00,3.4723,102.101,0.6348
2023-02-13 22:00:00,3.7386,106.555,3.3648
2023-02-13 23:00:00,3.8116,109.727,2.7915
2023-02-14 00:00:00,3.7973,108.116,2.7581
2023-02-14 01:00:00,4.6334,121.575,21.0545
2023-02-14 02:00:00,4.5641,123.73,2.0897
2023-02-14 03:00:00,4.4896,120.462,0.5407
2023-02-14 04:00:00,4.5623,122.606,5.362
2023-02-14 05:00:00,4.6664,123.55,3.6893
2023-02-14 06:00:00,4.746,124.373,3.4915
2023-02-14 07:00:00,4.6506,122.199,3.4365
2023-02-14 08:00:00,4.5028,120.82,2.0154
2023-02-14 09:00:00,4.4067,120.519,4.1017
2023-02-14 10:00:00,4.3526,116.507,4.0087
2023-02-14 11:00:00,4.3789,119.344,7.9955
2023-02-14 12:00:00,4.4141,119.188,8.6189
2023-02-14 13:00:00,4.4039,119.626,1.4622
2023-02-14 14:00:00,3.9588,111.447,0.8399
2023-02-14 15:00:00,3.9181,109.772,3.3397
2023-02-14 16:00:00,3.6416,106.491,0.5067
2023-02-14 17:00:00,3.6412,105.832,1.5047
2023-02-14 18:00:00,3.5941,104.773,3.2618
2023-02-14 19:00:00,3.5233,103.813,2.8061
2023-02-14 20:00:00,3.4986,101.092,1.0108
2023-02-14 21:00:00,3.6163,105.191,4.5303
2023-02-14 22:00:00,3.5953,105.761,0.5617
2023-02-14 23:00:00,3.8856,109.03,7.0407
2023-02-15 00:00:00,4.015,114.609,3.6113
2023-02-15 01:00:00,4.3901,119.447,14.4029
2023-02-15 02:00:00,4.6216,123.394,8.2729
2023-02-15 03:00:00,4.7691,124.97,2.3494
2023-02-15 04:00:00,4.639,122.9,4.2838
2023-02-15 05:00:00,4.8234,125.674,5.2809
2023-02-15 06:00:00,4.8056,125.409,6.1984
2023-02-15 07:00:00,4.993,129.724,5.4442
2023-02-15 08:00:00,4.6789,124.174,0.1777
2023-02-15 09:00:00,4.5374,120.741,2.1957
2023-02-15 10:00:00,4.6141,122.699,11.4794
2023-02-15 11:00:00,4.5646,123.003,4.9267
2023-02-15 12:00:00,4.214,115.134,2.1207
2023-02-15 13:00:00,4.1446,115.169,0.2355
2023-02-15 14:00:00,4.2512,115.074,10.6043
2023-02-15 15:00:00,4.1508,115.635,3.8136
2023-02-15 16:00:00,3.8879,110.195,4.1811
2023-02-15 17:00:00,3.6903,108.971,1.9037
2023-02-15 18:00:00,3.8168,108.837,1.4324
2023-02-15 19:00:00,3.6948,105.974,2.0408
2023-02-15 20:00:00,3.6186,104.831,0.3212
2023-02-15 21:00:00,3.6462,104.896,1.6003
2023-02-15 22:00:00,3.8093,109.307,3.8755
2023-02-15 23:00:00,3.6765,106.707,1.0025
2023-02-16 00:00:00,4.0594,115.896,9.2784
2023-02-16 01:00:00,4.2349,113.207,2.2012
2023-02-16 02:00:00,4.2925,116.749,0.2722
2023-02-16 03:00:00,4.1569,113.854,0.4863
2023-02-16 04:00:00,4.1904,114.834,0.4569
2023-02-16 05:00:00,4.3721,120.359,4.7442
2023-02-16 06:00:00,4.0332,111.944,0.365
2023-02-16 07:00:00,4.1424,113.973,3.4486
2023-02-16 08:00:00,4.2134,114.615,0.2435
2023-02-16 09:00:00,3.886,112.055,1.3006
2023-02-16 10:00:00,4.0838,114.682,4.5392
2023-02-16 11:00:00,4.1083,113.339,10.6289
2023-02-16 12:00:00,4.002,111.761,1.4051
2023-02-16 13:00:00,3.9786,112.088,2.1089
2023-02-16 14:00:00,3.7138,107.988,1.3258
2023-02-16 15:00:00,3.5788,104.988,3.3188
2023-02-16 16:00:00,3.7739,107.182,9.0812
2023-02-16 17:00:00,3.8432,108.238,5.3755
2023-02-16 18:00:00,3.6727,105.822,1.667
2023-02-16 19:00:00,3.7315,106.753,4.5867
2023-02-16 20:00:00,3.6559,105.616,0.0323
2023-02-16 21:00:00,3.8851,110.131,6.9646
2023-02-16 22:00:00,4.0653,114.582,6.4134
2023-02-16 23:00:00,4.0131,113.369,0.0852
2023-02-17 00:00:00,4.1752,115.096,2.6294
2023-02-17 01:00:00,4.0531,112.054,1.7804
2023-02-17 02:00:00,4.2,114.45,3.8287
2023-02-17 03:00:00,4.305,117.836,3.849
2023-02-17 04:00:00,4.3743,118.485,2.2185
2023-02-17 05:00:00,4.2748,117.047,1.8781
2023-02-17 06:00:00,4.4007,118.76,5.4677
2023-02-17 07:00:00,4.6576,124.093,10.3856
2023-02-17 08:00:00,4.7745,124.563,7.5731
2023-02-17 09:00:00,4.84,127.25,8.1741
2023-02-17 10:00:00,4.6621,123.477,4.3043
2023-02-17 11:00:00,4.4456,119.913,1.9323
2023-02-17 12:00:00,4.1691,115.442,0.5215
2023-02-17 13:00:00,4.1375,112.937,4.9252
2023-02-17 14:00:00,4.1367,115.178,5.7122
2023-02-17 15:00:00,4.1467,114.974,7.9719
2023-02-17 16:00:00,4.1079,115.233,7.2402
2023-02-17 17:00:00,3.896,111.209,1.3346
2023-02-17 18:00:00,4.0617,111.5,9.7536
2023-02-17 19:00:00,4.1292,112.985,2.0851
2023-02-17 20:00:00,3.8813,112.235,0.8493
2023-02-17 21:00:00,4.744,126.542,26.9451
2023-02-17 22:00:00,4.7685,124.023,5.832
2023-02-17 23:00:00,4.5624,122.163,1.1184
2023-02-18 00:00:00,4.7002,124.247,1.7304
2023-02-18 01:00:00,4.6626,123.304,5.5911
2023-02-18 02:00:00,4.9203,129.936,7.8588
2023-02-18 03:00:00,4.9024,128.989,6.8701
2023-02-18 04:00:00,4.9474,128.644,0.3405
2023-02-18 05:00:00,4.9343,128.908,4.025
2023-02-18 06:00:00,4.8923,128.275,5.716
2023-02-18 07:00:00,4.8465,126.617,0.4921
2023-02-18 08:00:00,4.9227,128.38,12.9173
2023-02-18 09:00:00,4.9326,130.071,3.2763
2023-02-18 10:00:00,4.5867,123.165,0.2806
2023-02-18 11:00:00,4.298,117.127,0.7244
2023-02-18 12:00:00,4.3841,117.318,3.3411
2023-02-18 13:00:00,4.0679,113.229,4.0454
2023-02-18 14:00:00,3.9782,111.703,1.2576
2023-02-18 15:00:00,3.7348,107.59,1.0291
2023-02-18 16:00:00,3.7623,108.823,8.0377
2023-02-18 17:00:00,3.9393,111.051,8.5159
2023-02-18 18:00:00,4.1007,113.716,8.7206
2023-02-18 19:00:00,4.5115,119.173,18.4406
2023-02-18 20:00:00,4.4147,119.92,3.3439
2023-02-18 21:00:00,4.9384,128.311,21.4011
2023-02-18 22:00:00,5.1872,129.952,2.6894
2023-02-18 23:00:00,4.84,126.951,1.5439
2023-02-19 00:00:00,5.2542,133.49,12.1617
2023-02-19 01:00:00,5.0546,132.454,0.1323
2023-02-19 02:00:00,4.755,126.52,2.0603
2023-02-19 03:00:00,5.2657,136.42,11.5984
2023-02-19 04:00:00,5.4584,138.114,8.8434
2023-02-19 05:00:00,5.1847,134.067,2.0607
2023-02-19 06:00:00,5.2026,133.557,9.0985
2023-02-19 07:00:00,5.0698,130.629,1.8813
2023-02-19 08:00:00,4.9986,128.856,0.1836
2023-02-19 09:00:00,4.6984,123.284,0.7292
2023-02-19 10:00:00,4.4374,118.557,0.3017
2023-02-19 11:00:00,4.3764,115.687,6.6515
2023-02-19 12:00:00,4.1276,116.678,3.9769
2023-02-19 13:00:00,4.2821,118.371,2.906
2023-02-19 14:00:00,3.9874,110.817,0.6109
2023-02-19 15:00:00,3.6934,108.872,0.0293
2023-02-19 16:00:00,3.8429,108.888,5.2777
2023-02-19 17:00:00,3.793,107.712,0.9337
2023-02-19 18:00:00,3.8969,108.994,6.186
2023-02-19 19:00:00,4.0154,111.817,9.727
2023-02-19 20:00:00,3.8856,107.735,1.0119
2023-02-19 21:00:00,3.8936,109.979,0.873
2023-02-19 22:00:00,4.1046,114.428,9.7612
2023-02-19 23:00:00,4.2062,118.151,4.3507
2023-02-20 00:00:00,4.1426,113.951,1.5017
2023-02-20 01:00:00,4.4404,118.899,5.0075
2023-02-20 02:00:00,4.5657,121.387,5.4644
2023-02-20 03:00:00,4.6291,125.423,4.6464
2023-02-20 04:00:00,4.5845,123.632,1.0194
2023-02-20 05:00:00,4.7109,126.206,3.7727
2023-02-20 06:00:00,4.5757,121.866,2.9206
2023-02-20 07:00:00,4.6079,123.157,1.2707
2023-02-20 08:00:00,4.358,117.49,0.8249
2023-02-20 09:00:00,4.4676,121.676,9.4623
2023-02-20 10:00:00,4.6031,122.337,4.819
2023-02-20 11:00:00,4.3697,118.579,3.65
2023-02-20 12:00:00,4.153,114.689,1.4912
2023-02-20 13:00:00,4.0258,109.538,4.382
2023-02-20 14:00:00,4.1332,114.594,1.5317
2023-02-20 15:00:00,3.7079,107.746,1.5126
2023-02-20 16:00:00,3.4742,104.472,1.1665
2023-02-20 17:00:00,3.5374,101.814,0.4155
2023-02-20 18:00:00,3.5153,102.402,1.3258
2023-02-20 19:00:00,3.975,110.427,18.8004
2023-02-20 20:00:00,3.8697,105.83,1.2209
2023-02-20 21:00:00,4.0568,115.189,2.6635
2023-02-20 22:00:00,4.0126,110.699,3.0268
2023-02-20 23:00:00,3.9158,112.49,0.7158
2023-02-21 00:00:00,3.9911,112.966,0.0259
2023-02-21 01:00:00,3.9913,108.78,1.7047
2023-02-21 02:00:00,4.1376,115.009,3.2655
2023-02-21 03:00:00,4.4382,120.263,6.5793
2023-02-21 04:00:00,4.52,122.197,2.4804
2023-02-21 05:00:00,4.4983,122.039,0.2402
2023-02-21 06:00:00,4.6438,124.294,6.9065
2023-02-21 07:00:00,4.592,122.207,5.5381
2023-02-21 08:00:00,5.0491,130.408,17.396
2023-02-21 09:00:00,4.7982,125.758,1.0866
2023-02-21 10:00:00,4.6745,122.116,2.44
2023-02-21 11:00:00,4.4122,118.85,0.8013
2023-02-21 12:00:00,4.2029,116.391,3.0391
2023-02-21 13:00:00,4.3214,118.462,7.4985
2023-02-21 14:00:00,4.2361,114.99,4.8299
2023-02-21 15:00:00,4.0537,111.953,1.1278
2023-02-21 16:00:00,4.0868,112.336,7.2595
2023-02-21 17:00:00,4.0145,111.594,2.0903
2023-02-21 18:00:00,3.7886,108.57,1.8683
2023-02-21 19:00:00,3.9883,112.593,6.0127
2023-02-21 20:00:00,4.0827,112.634,6.2959
2023-02-21 21:00:00,4.254,116.847,6.8984
2023-02-21 22:00:00,5.5799,141.385,40.9736
2023-02-21 23:00:00,5.5627,140.244,2.8605
2023-02-22 00:00:00,5.2316,135.082,1.6994
2023-02-22 01:00:00,4.9877,129.25,0.0723
2023-02-22 02:00:00,5.0133,129.633,5.2321
2023-02-22 03:00:00,5.0334,130.266,0.0324
2023-02-22 04:00:00,4.7791,125.131,0.0121
2023-02-22 05:00:00,4.7587,124.657,0.3644
2023-02-22 06:00:00,4.8807,127.633,6.807
2023-02-22 07:00:00,4.7105,125.684,0.3125
2023-02-22 08:00:00,4.8843,128.525,8.0086
2023-02-22 09:00:00,4.4207,118.981,0.4485
2023-02-22 10:00:00,4.4225,118.27,5.835
2023-02-22 11:00:00,4.3133,117.846,0.8015
2023-02-22 12:00:00,4.223,116.447,1.3892
2023-02-22 13:00:00,4.3898,117.633,6.9648
2023-02-22 14:00:00,4.0595,113.37,3.6309
2023-02-22 15:00:00,4.1172,113.809,9.3562
2023-02-22 16:00:00,3.9871,111.069,0.162
2023-02-22 17:00:00,3.7132,106.513,0.659
2023-02-22 18:00:00,3.7462,107.415,0.5403
2023-02-22 19:00:00,4.0259,110.49,7.9468
2023-02-22 20:00:00,3.8385,109.346,1.3167
2023-02-22 21:00:00,3.9441,110.471,2.373
2023-02-22 22:00:00,3.8984,111.202,3.068
2023-02-22 23:00:00,3.9084,110.648,1.3163
2023-02-23 00:00:00,4.3731,118.283,11.9155
2023-02-23 01:00:00,4.3833,118.515,0.2499
2023-02-23 02:00:00,4.5696,122.473,1.9105
2023-02-23 03:00:00,4.347,117.018,7.9865
2023-02-23 04:00:00,4.5896,121.221,0.9147
2023-02-23 05:00:00,4.7396,125.67,6.3041
2023-02-23 06:00:00,4.5964,122.765,1.6529
2023-02-23 07:00:00,4.8945,128.199,13.0889
2023-02-23 08:00:00,4.7276,124.586,1.0951
2023-02-23 09:00:00,4.5551,123.442,3.2874
2023-02-23 10:00:00,4.6264,122.078,3.5222
2023-02-23 11:00:00,4.3802,117.587,4.7182
2023-02-23 12:00:00,4.3634,117.953,3.7085
2023-02-23 13:00:00,4.1691,115.687,2.1177
2023-02-23 14:00:00,4.262,115.176,5.3038
2023-02-23 15:00:00,3.8945,108.769,0.9295
2023-02-23 16:00:00,4.2919,115.654,16.1912
2023-02-23 17:00:00,4.1839,114.802,1.9488
2023-02-23 18:00:00,5.2066,134.676,37.7467
2023-02-23 19:00:00,5.1336,130.48,7.2766
2023-02-23 20:00:00,5.0366,130.783,3.6773
2023-02-23 21:00:00,5.0224,130.594,8.0612
2023-02-23 22:00:00,4.907,127.733,2.3489
2023-02-23 23:00:00,4.8728,126.263,2.175
2023-02-24 00:00:00,5.1395,133.38,10.0492
2023-02-24 01:00:00,5.0882,131.885,4.9076
2023-02-24 02:00:00,5.1938,131.594,3.9533
2023-02-24 03:00:00,4.8502,125.499,0.699
2023-02-24 04:00:00,4.9534,128.233,4.906
2023-02-24 05:00:00,5.078,130.222,7.4179
2023-02-24 06:00:00,5.057,133.721,1.6976
2023-02-24 07:00:00,5.0877,131.932,4.069
2023-02-24 08:00:00,4.7617,126.929,2.4513
2023-02-24 09:00:00,4.5325,122.291,0.2641
2023-02-24 10:00:00,4.6273,126.088,4.8331
2023-02-24 11:00:00,4.4931,121.559,6.5135
2023-02-24 12:00:00,4.3723,119.659,2.8394
2023-02-24 13:00:00,4.2128,115.333,2.2159
2023-02-24 14:00:00,4.0103,110.295,0.8404
2023-02-24 15:00:00,3.9131,110.085,9.9628
2023-02-24 16:00:00,4.0247,112.147,2.5055
2023-02-24 17:00:00,4.1948,112.832,9.997
2023-02-24 18:00:00,3.9949,111.993,0.1106
2023-02-24 19:00:00,4.2344,116.963,8.8967
2023-02-24 20:00:00,4.443,118.773,8.6218
2023-02-24 21:00:00,4.244,117.333,5.0209
2023-02-24 22:00:00,4.7283,124.652,12.6951
2023-02-24 23:00:00,4.5961,122.448,0.6209
2023-02-25 00:00:00,4.7676,125.024,6.5575
2023-02-25 01:00:00,4.881,128.746,2.1321
2023-02-25 02:00:00,4.8602,127.571,5.9569
2023-02-25 03:00:00,4.704,124.417,0.9813
2023-02-25 04:00:00,4.7253,125.627,0.0733
2023-02-25 05:00:00,5.0124,129.201,8.6739
2023-02-25 06:00:00,4.8073,127.294,0.7046
2023-02-25 07:00:00,4.6484,124.996,0.0256
2023-02-25 08:00:00,4.775,126.274,6.5712
2023-02-25 09:00:00,5.0372,131.587,8.3869
2023-02-25 10:00:00,4.5141,121.196,0.4077
2023-02-25 11:00:00,4.4469,120.262,2.1217
2023-02-25 12:00:00,4.5821,121.166,10.1687
2023-02-25 13:00:00,4.5684,119.716,7.7022
2023-02-25 14:00:00,4.4368,120.014,7.04
2023-02-25 15:00:00,4.3502,119.557,3.9552
2023-02-25 16:00:00,4.1137,113.167,2.2289
2023-02-25 17:00:00,4.0114,112.339,0.0235
2023-02-25 18:00:00,5.0156,130.621,32.5691
2023-02-25 19:00:00,4.7769,125.092,2.3814
2023-02-25 20:00:00,4.4604,119.92,1.0203
2023-02-25 21:00:00,4.4862,119.531,0.6431
2023-02-25 22:00:00,4.3601,117.62,5.2935
2023-02-25 23:00:00,5.1505,131.826,21.2649
2023-02-26 00:00:00,5.275,133.83,9.1415
2023-02-26 01:00:00,5.4641,139.817,9.1498
2023-02-26 02:00:00,5.2454,133.091,2.0422
2023-02-26 03:00:00,5.2538,134.94,2.137
2023-02-26 04:00:00,5.2102,135.525,3.0769
2023-02-26 05:00:00,5.1379,132.09,0.5699
2023-02-26 06:00:00,5.0794,130.569,4.4068
2023-02-26 07:00:00,4.9785,128.677,0.1957
2023-02-26 08:00:00,4.6262,124.004,0.9528
2023-02-26 09:00:00,4.3745,118.99,0.0802
2023-02-26 10:00:00,4.3047,117.565,1.6737
2023-02-26 11:00:00,4.0821,114.374,0.197
2023-02-26 12:00:00,4.0553,112.369,1.7405
2023-02-26 13:00:00,4.009,112.749,4.5909
2023-02-26 14:00:00,3.9552,111.877,0.8653
2023-02-26 15:00:00,4.196,115.97,12.5424
2023-02-26 16:00:00,3.9737,111.435,1.1837
2023-02-26 17:00:00,4.1541,116.704,14.6531
2023-02-26 18:00:00,4.083,113.771,0.3849
2023-02-26 19:00:00,3.9422,110.651,3.3766
2023-02-26 20:00:00,3.9969,110.159,2.6512
2023-02-26 21:00:00,4.4057,116.785,14.7053
2023-02-26 22:00:00,4.5027,123.087,3.3107
2023-02-26 23:00:00,4.7535,127.789,6.9549
2023-02-27 00:00:00,4.9066,128.566,10.9963
2023-02-27 01:00:00,4.8759,127.075,3.1141
2023-02-27 02:00:00,4.8179,126.765,1.0655
2023-02-27 03:00:00,5.0443,132.699,3.733
2023-02-27 04:00:00,4.989,129.76,2.2034
2023-02-27 05:00:00,4.9312,128.029,8.5353
2023-02-27 06:00:00,4.8875,128.282,1.0445
2023-02-27 07:00:00,5.0498,132.968,1.3898
2023-02-27 08:00:00,4.6408,123.749,3.2363
2023-02-27 09:00:00,4.5971,121.477,2.7868
2023-02-27 10:00:00,4.6042,123.175,5.6725
2023-02-27 11:00:00,4.3,116.861,0.5737
2023-02-27 12:00:00,4.2842,116.733,1.1513
2023-02-27 13:00:00,3.9876,113.28,1.6919
2023-02-27 14:00:00,4.0888,113.7,5.4679
2023-02-27 15:00:00,3.8759,109.53,1.4938
2023-02-27 16:00:00,3.6711,107.429,0.369
2023-02-27 17:00:00,3.585,105.025,0.0283
2023-02-27 18:00:00,3.5848,105.192,3.1009
2023-02-27 19:00:00,3.8012,107.376,5.2626
2023-02-27 20:00:00,4.0261,112.184,12.9173
2023-02-27 21:00:00,3.9668,109.97,2.0752
2023-02-27 22:00:00,4.7475,125.153,17.3075
2023-02-27 23:00:00,4.5888,123.344,1.7349
2023-02-28 00:00:00,4.4833,121.125,0.1641
2023-02-28 01:00:00,4.6924,124.48,3.1807
2023-02-28 02:00:00,4.718,125.917,6.3196
2023-02-28 03:00:00,4.8955,131.163,5.0145
2023-02-28 04:00:00,4.8188,125.998,3.6261
2023-02-28 05:00:00,4.8416,129.378,1.555
2023-02-28 06:00:00,4.7819,126.198,0.5857
2023-02-28 07:00:00,4.623,122.087,1.857
2023-02-28 08:00:00,4.7962,127.082,8.0508
2023-02-28 09:00:00,4.6799,125.13,0.3171
2023-02-28 10:00:00,4.373,120.286,1.5181
2023-02-28 11:00:00,4.6776,123.508,12.6212
2023-02-28 12:00:00,4.3562,117.917,0.2301
2023-02-28 13:00:00,4.2075,115.078,2.1258
2023-02-28 14:00:00,4.1477,113.76,2.1174
2023-02-28 15:00:00,4.1184,113.191,5.7205
2023-02-28 16:00:00,3.9904,111.777,4.9624
2023-02-28 17:00:00,4.0074,111.117,2.7502
2023-02-28 18:00:00,4.1843,115.317,6.8341
2023-02-28 19:00:00,3.962,111.487,3.4859
2023-02-28 20:00:00,3.9981,112.589,1.248
2023-02-28 21:00:00,4.0268,112.2,2.5232
2023-02-28 22:00:00,3.9962,110.228,1.2999
2023-02-28 23:00:00,4.5133,121.856,10.3081
2023-03-01 00:00:00,4.3481,119.602,1.5743
2023-03-01 01:00:00,4.3707,119.333,0.0614
2023-03-01 02:00:00,4.4745,123.68,4.4718
2023-03-01 03:00:00,4.4161,121.091,0.7777
2023-03-01 04:00:00,4.6528,122.259,2.1465
2023-03-01 05:00:00,4.8735,128.73,12.7464
2023-03-01 06:00:00,4.7844,126.683,2.1228
2023-03-01 07:00:00,4.6807,127.057,3.4403
2023-03-01 08:00:00,4.5632,123.9,0.9117
2023-03-01 09:00:00,4.5299,119.805,2.234
2023-03-01 10:00:00,4.4017,119.492,2.3731
2023-03-01 11:00:00,4.2293,116.179,0.2901
2023-03-01 12:00:00,4.1625,114.0,1.5525
2023-03-01 13:00:00,4.2054,116.102,5.5907
2023-03-01 14:00:00,4.0249,110.506,2.433
2023-03-01 15:00:00,3.773,108.266,2.816
2023-03-01 16:00:00,3.9788,111.719,4.2921
2023-03-01 17:00:00,4.1674,114.358,12.2398
2023-03-01 18:00:00,3.9532,110.735,1.1087
2023-03-01 19:00:00,3.8926,110.438,3.1799
2023-03-01 20:00:00,3.9672,110.951,1.8368
2023-03-01 21:00:00,4.0863,115.057,1.8697
2023-03-01 22:00:00,4.1718,118.089,8.2393
2023-03-01 23:00:00,4.1903,114.812,0.9599
2023-03-02 00:00:00,4.4482,121.517,8.651
2023-03-02 01:00:00,4.6823,124.36,2.7885
2023-03-02 02:00:00,4.9731,129.074,12.6777
2023-03-02 03:00:00,4.7867,124.294,0.2844
2023-03-02 04:00:00,4.8535,128.177,1.6313
2023-03-02 05:00:00,4.8661,127.555,1.3737
2023-03-02 06:00:00,4.7361,123.341,3.9776
2023-03-02 07:00:00,5.0142,130.055,10.2043
2023-03-02 08:00:00,4.9307,129.167,4.3433
2023-03-02 09:00:00,4.988,130.878,6.7832
2023-03-02 10:00:00,4.8294,127.023,3.659
2023-03-02 11:00:00,4.4175,118.231,1.0979
2023-03-02 12:00:00,4.5689,123.853,5.8488
2023-03-02 13:00:00,4.3625,118.205,4.0061
2023-03-02 14:00:00,4.2217,115.46,1.9736
2023-03-02 15:00:00,4.0943,113.343,1.1318
2023-03-02 16:00:00,3.9379,110.712,6.8717
2023-03-02 17:00:00,4.0803,112.37,0.4579
2023-03-02 18:00:00,3.9452,112.177,7.0613
2023-03-02 19:00:00,4.1437,115.226,6.9655
2023-03-02 20:00:00,4.002,110.402,0.4776
2023-03-02 21:00:00,4.1214,114.292,4.9026
2023-03-02 22:00:00,4.1679,115.829,5.6925
2023-03-02 23:00:00,4.5364,122.022,7.7755
2023-03-03 00:00:00,4.6216,122.622,5.2313
2023-03-03 01:00:00,4.7355,125.428,2.1581
2023-03-03 02:00:00,4.8187,127.445,2.7363
2023-03-03 03:00:00,4.7303,128.16,3.235
2023-03-03 04:00:00,4.9943,130.666,4.5457
2023-03-03 05:00:00,5.2384,135.285,13.7631
2023-03-03 06:00:00,5.146,133.527,1.7917
2023-03-03 07:00:00,5.0144,129.741,9.4863
2023-03-03 08:00:00,4.9221,129.376,0.6926
2023-03-03 09:00:00,4.775,127.234,0.3691
2023-03-03 10:00:00,4.7112,125.829,5.853
2023-03-03 11:00:00,4.7966,125.869,3.7675
2023-03-03 12:00:00,4.8055,128.781,13.1047
2023-03-03 13:00:00,4.6805,123.758,2.9785
2023-03-03 14:00:00,4.6757,122.389,6.277
2023-03-03 15:00:00,4.3023,116.541,0.0117
2023-03-03 16:00:00,4.2412,115.67,5.5187
2023-03-03 17:00:00,4.2937,117.992,2.6576
2023-03-03 18:00:00,4.2884,116.691,4.0261
2023-03-03 19:00:00,4.1225,114.097,1.4699
2023-03-03 20:00:00,3.9697,111.959,3.1642
2023-03-03 21:00:00,4.2502,117.026,6.0707
2023-03-03 22:00:00,4.1956,114.992,1.1086
2023-03-03 23:00:00,4.3759,118.036,7.1177
2023-03-04 00:00:00,4.4676,120.045,0.5821
2023-03-04 01:00:00,4.3321,118.345,1.2395
2023-03-04 02:00:00,4.7433,124.864,6.7196
2023-03-04 03:00:00,4.8041,124.015,2.3566
2023-03-04 04:00:00,4.6621,125.548,1.6778
2023-03-04 05:00:00,5.4037,137.317,18.8886
2023-03-04 06:00:00,5.0993,131.544,2.8184
2023-03-04 07:00:00,5.1752,130.896,5.9139
2023-03-04 08:00:00,5.1409,132.794,3.9288
2023-03-04 09:00:00,5.0631,131.789,1.3714
2023-03-04 10:00:00,4.8251,128.392,3.0394
2023-03-04 11:00:00,4.5814,123.003,3.1708
2023-03-04 12:00:00,4.3189,115.826,1.6056
2023-03-04 13:00:00,4.2492,115.842,1.7466
2023-03-04 14:00:00,4.4853,122.15,12.734
2023-03-04 15:00:00,4.053,113.261,0.3838
2023-03-04 16:00:00,4.0953,114.277,5.5095
2023-03-04 17:00:00,3.8988,108.678,1.0495
2023-03-04 18:00:00,4.1939,116.13,4.4842
2023-03-04 19:00:00,4.1799,114.628,6.6787
2023-03-04 20:00:00,4.0328,111.606,2.4918
2023-03-04 21:00:00,4.1731,115.987,1.9826
2023-03-04 22:00:00,4.1195,116.396,3.2807
2023-03-04 23:00:00,4.2456,116.949,0.6351
2023-03-05 00:00:00,4.335,117.111,0.9916
2023-03-05 01:00:00,4.1831,114.736,1.0597
2023-03-05 02:00:00,4.5548,122.881,4.1569
2023-03-05 03:00:00,4.6592,123.78,10.5187
2023-03-05 04:00:00,4.8329,126.387,3.414
2023-03-05 05:00:00,4.8993,126.662,3.111
2023-03-05 06:00:00,5.0161,130.515,8.4251
2023-03-05 07:00:00,4.8811,124.986,0.1941
2023-03-05 08:00:00,4.8513,127.646,6.6108
2023-03-05 09:00:00,5.0456,129.931,5.456
2023-03-05 10:00:00,4.7642,126.695,1.1193
2023-03-05 11:00:00,4.3892,118.134,3.5584
2023-03-05 12:00:00,5.0654,130.717,19.7484
2023-03-05 13:00:00,4.8622,128.071,1.008
2023-03-05 14:00:00,4.453,121.411,1.0759
2023-03-05 15:00:00,4.373,118.192,3.9474
2023-03-05 16:00:00,4.2655,116.828,2.3562
2023-03-05 17:00:00,4.4378,119.131,11.1034
2023-03-05 18:00:00,4.2794,115.86,4.087
2023-03-05 19:00:00,4.3316,118.238,3.6574
2023-03-05 20:00:00,4.2309,115.93,1.5023
2023-03-05 21:00:00,4.6018,124.725,11.3981
2023-03-05 22:00:00,4.4924,122.223,0.3861
2023-03-05 23:00:00,4.4848,122.559,4.1398
2023-03-06 00:00:00,4.6317,124.241,4.5664
2023-03-06 01:00:00,4.5863,122.119,0.4929
2023-03-06 02:00:00,4.8836,128.374,8.2172
2023-03-06 03:00:00,4.7492,123.444,1.0878
2023-03-06 04:00:00,4.852,125.969,2.7445
2023-03-06 05:00:00,4.9986,130.305,6.0775
2023-03-06 06:00:00,4.8865,128.364,1.3217
2023-03-06 07:00:00,5.0105,129.611,4.6932
2023-03-06 08:00:00,4.8337,124.888,3.2378
2023-03-06 09:00:00,4.7114,124.876,0.2007
2023-03-06 10:00:00,4.5885,124.17,1.2023
2023-03-06 11:00:00,4.3092,118.837,7.0014
2023-03-06 12:00:00,4.5247,120.282,7.719
2023-03-06 13:00:00,4.6757,126.505,10.2963
2023-03-06 14:00:00,4.3196,118.849,2.3903
2023-03-06 15:00:00,4.5495,121.027,11.1415
2023-03-06 16:00:00,4.2535,117.95,0.2784
2023-03-06 17:00:00,4.3562,118.71,2.9872
2023-03-06 18:00:00,4.2007,116.581,2.0884
2023-03-06 19:00:00,4.5877,124.043,16.7229
2023-03-06 20:00:00,4.5463,121.74,2.4757
2023-03-06 21:00:00,4.5204,121.496,2.3816
2023-03-06 22:00:00,4.4049,118.21,1.7746
2023-03-06 23:00:00,4.4619,120.26,1.0451
2023-03-07 00:00:00,4.6498,124.138,3.2878
2023-03-07 01:00:00,4.9388,131.952,10.1226
2023-03-07 02:00:00,5.0095,131.468,8.232
2023-03-07 03:00:00,4.9981,128.94,1.3499
2023-03-07 04:00:00,5.0164,130.973,0.5751
2023-03-07 05:00:00,5.1356,133.206,7.7864
2023-03-07 06:00:00,4.9714,130.349,3.7284
2023-03-07 07:00:00,4.9198,129.842,3.1907
2023-03-07 08:00:00,5.0113,131.01,2.0442
2023-03-07 09:00:00,4.731,125.937,0.2245
2023-03-07 10:00:00,4.5292,121.158,0.9944
2023-03-07 11:00:00,4.3433,119.159,1.6832
2023-03-07 12:00:00,4.0691,114.203,0.4245
2023-03-07 13:00:00,4.1179,116.66,6.3448
2023-03-07 14:00:00,4.0037,109.54,0.4296
2023-03-07 15:00:00,3.9339,111.575,1.3742
2023-03-07 16:00:00,3.7553,107.075,1.3315
2023-03-07 17:00:00,3.8358,108.381,2.7035
2023-03-07 18:00:00,3.8072,106.813,4.5873
2023-03-07 19:00:00,3.8968,111.482,3.4283
2023-03-07 20:00:00,3.8339,109.162,3.4822
2023-03-07 21:00:00,3.882,110.216,0.7222
2023-03-07 22:00:00,4.0864,112.501,1.1499
2023-03-07 23:00:00,4.1096,113.427,4.0551
2023-03-08 00:00:00,4.4484,118.419,6.9196
2023-03-08 01:00:00,4.4179,118.054,3.5187
2023-03-08 02:00:00,4.7993,126.185,14.5034
2023-03-08 03:00:00,4.8322,128.901,0.6841
2023-03-08 04:00:00,4.961,128.113,4.1501
2023-03-08 05:00:00,5.1618,132.392,7.2801
2023-03-08 06:00:00,4.8203,128.874,0.0707
2023-03-08 07:00:00,4.824,125.998,1.5946
2023-03-08 08:00:00,4.8279,125.322,6.0772
2023-03-08 09:00:00,5.1576,132.3,11.2929
2023-03-08 10:00:00,4.8021,126.998,3.8714
2023-03-08 11:00:00,4.6738,123.732,0.3349
2023-03-08 12:00:00,4.5139,120.69,0.1254
2023-03-08 13:00:00,4.4347,119.7,4.9818
2023-03-08 14:00:00,4.0902,113.343,0.4962
2023-03-08 15:00:00,4.2827,117.06,8.4303
2023-03-08 16:00:00,3.9989,115.579,0.4541
2023-03-08 17:00:00,3.9796,111.137,2.7524
2023-03-08 18:00:00,3.9613,112.647,0.317
2023-03-08 19:00:00,3.9156,109.519,3.7753
2023-03-08 20:00:00,4.4318,118.875,10.357
2023-03-08 21:00:00,4.3191,118.383,1.6426
2023-03-08 22:00:00,4.2049,117.756,0.8153
2023-03-08 23:00:00,4.3414,116.849,2.6506
2023-03-09 00:00:00,4.4377,120.126,2.6343
2023-03-09 01:00:00,4.8627,128.686,13.9511
2023-03-09 02:00:00,5.2146,133.321,6.4555
2023-03-09 03:00:00,4.8934,128.14,2.4762
2023-03-09 04:00:00,5.1188,132.433,6.3634
2023-03-09 05:00:00,5.1737,134.112,6.4365
2023-03-09 06:00:00,5.164,132.586,6.863
2023-03-09 07:00:00,5.0025,131.288,1.4102
2023-03-09 08:00:00,4.998,129.966,4.384
2023-03-09 09:00:00,4.7515,125.383,0.0436
2023-03-09 10:00:00,5.189,133.219,14.7186
2023-03-09 11:00:00,5.0024,130.328,2.7194
2023-03-09 12:00:00,4.7786,125.145,3.3395
2023-03-09 13:00:00,4.343,118.021,0.3791
2023-03-09 14:00:00,4.5406,123.968,8.0104
2023-03-09 15:00:00,4.3897,119.907,4.0956
2023-03-09 16:00:00,4.2108,117.024,1.7089
2023-03-09 17:00:00,4.0736,112.644,0.2448
2023-03-09 18:00:00,3.9474,108.607,5.3249
2023-03-09 19:00:00,4.1686,113.969,4.5627
2023-03-09 20:00:00,4.2434,114.933,2.2043
2023-03-09 21:00:00,4.3566,117.925,7.3762
2023-03-09 22:00:00,4.2891,116.72,1.9905
2023-03-09 23:00:00,4.2395,114.925,0.1693
2023-03-10 00:00:00,4.2916,119.45,1.5919
2023-03-10 01:00:00,4.5129,120.712,2.2761
2023-03-10 02:00:00,4.4234,119.543,1.9499
2023-03-10 03:00:00,4.6109,123.726,3.2886
2023-03-10 04:00:00,4.7796,125.021,6.6782
2023-03-10 05:00:00,5.2486,133.918,15.3944
2023-03-10 06:00:00,5.2169,132.258,1.6132
2023-03-10 07:00:00,4.923,129.261,3.2421
2023-03-10 08:00:00,4.9774,127.532,5.558
2023-03-10 09:00:00,5.0705,129.995,9.2122
2023-03-10 10:00:00,4.9495,129.608,0.127
2023-03-10 11:00:00,4.6391,120.567,4.1751
2023-03-10 12:00:00,4.5075,120.039,2.526
2023-03-10 13:00:00,4.3317,117.698,2.2561
2023-03-10 14:00:00,4.5108,124.422,3.7474
2023-03-10 15:00:00,4.0155,113.928,3.528
2023-03-10 16:00:00,4.1167,115.352,0.8609
2023-03-10 17:00:00,4.1668,113.433,5.4027
2023-03-10 18:00:00,4.0074,111.662,2.1303
2023-03-10 19:00:00,4.0445,114.272,3.8916
2023-03-10 20:00:00,4.1231,112.647,5.6214
2023-03-10 21:00:00,4.2038,115.222,1.8815
2023-03-10 22:00:00,4.279,114.586,4.7456
2023-03-10 23:00:00,4.4148,118.542,6.5492
2023-03-11 00:00:00,4.5114,120.192,2.2226
2023-03-11 01:00:00,4.6098,122.435,1.052
2023-03-11 02:00:00,4.4087,119.531,0.5232
2023-03-11 03:00:00,4.8486,126.955,8.258
2023-03-11 04:00:00,4.8531,125.045,0.5041
2023-03-11 05:00:00,4.9715,129.521,5.4431
2023-03-11 06:00:00,5.0879,132.584,7.0284
2023-03-11 07:00:00,5.5768,140.309,18.091
2023-03-11 08:00:00,5.4372,138.065,1.709
2023-03-11 09:00:00,5.2954,133.739,3.7697
2023-03-11 10:00:00,5.2795,134.849,9.5671
2023-03-11 11:00:00,4.8604,126.646,1.846
2023-03-11 12:00:00,4.7905,127.08,1.3665
2023-03-11 13:00:00,4.6216,124.059,4.6409
2023-03-11 14:00:00,4.4713,120.889,0.5252
2023-03-11 15:00:00,4.1361,113.847,0.9838
2023-03-11 16:00:00,4.2844,115.579,4.4035
2023-03-11 17:00:00,4.1116,111.941,4.8383
2023-03-11 18:00:00,4.1289,114.946,2.7005
2023-03-11 19:00:00,3.9944,111.008,1.0378
2023-03-11 20:00:00,4.1092,110.965,5.5799
2023-03-11 21:00:00,4.0463,112.188,3.0444
2023-03-11 22:00:00,4.1637,114.708,1.0561
2023-03-11 23:00:00,4.4632,120.033,8.4337
2023-03-12 00:00:00,4.6084,122.211,3.1292
2023-03-12 01:00:00,5.0614,129.519,13.6008
2023-03-12 02:00:00,4.9864,130.578,0.693
2023-03-12 03:00:00,5.1519,133.217,5.277
2023-03-12 04:00:00,4.98,130.885,0.0353
2023-03-12 05:00:00,4.8706,127.556,0.0636
2023-03-12 06:00:00,4.8453,128.457,1.3386
2023-03-12 07:00:00,4.6647,121.908,0.2373
2023-03-12 08:00:00,4.8453,129.519,9.5885
2023-03-12 09:00:00,4.7585,123.746,6.1319
2023-03-12 10:00:00,4.7171,124.559,1.0655
2023-03-12 11:00:00,4.573,123.493,0.9047
2023-03-12 12:00:00,4.3543,116.952,1.7028
2023-03-12 13:00:00,4.3641,120.544,4.5957
2023-03-12 14:00:00,4.4033,118.136,4.2605
2023-03-12 15:00:00,4.2507,115.999,4.101
2023-03-12 16:00:00,4.1398,112.838,3.0644
2023-03-12 17:00:00,4.0138,112.046,4.921
2023-03-12 18:00:00,4.1705,116.984,3.8578
2023-03-12 19:00:00,4.0489,110.055,7.5815
2023-03-12 20:00:00,4.7783,125.296,17.7355
2023-03-12 21:00:00,4.7085,125.471,2.047
2023-03-12 22:00:00,4.6234,123.169,1.1039
2023-03-12 23:00:00,4.6291,120.793,2.7802
2023-03-13 00:00:00,4.6999,125.627,3.7759
2023-03-13 01:00:00,4.6602,124.323,1.0664
2023-03-13 02:00:00,4.8357,128.004,5.2684
2023-03-13 03:00:00,4.796,128.0,1.7014
2023-03-13 04:00:00,5.1304,130.656,7.5303
2023-03-13 05:00:00,4.9884,129.885,1.2711
2023-03-13 06:00:00,5.0929,132.689,5.8791
2023-03-13 07:00:00,4.9764,128.82,3.0859
2023-03-13 08:00:00,4.9521,130.792,3.7208
2023-03-13 09:00:00,4.9008,128.785,3.911
2023-03-13 10:00:00,4.789,128.538,2.4886
2023-03-13 11:00:00,4.6966,125.318,1.7766
2023-03-13 12:00:00,4.483,118.356,3.8297
2023-03-13 13:00:00,4.3515,119.073,4.7023
2023-03-13 14:00:00,4.1935,115.34,0.2116
2023-03-13 15:00:00,4.0336,114.449,1.7803
2023-03-13 16:00:00,3.9877,110.05,1.4645
2023-03-13 17:00:00,3.9657,112.289,8.049
2023-03-13 18:00:00,4.0157,109.698,0.2519
2023-03-13 19:00:00,3.9281,111.123,2.9127
2023-03-13 20:00:00,4.2955,115.562,9.1814
2023-03-13 21:00:00,4.3106,119.074,3.3735
2023-03-13 22:00:00,4.2427,115.756,1.7497
2023-03-13 23:00:00,4.5889,123.867,6.2655
2023-03-14 00:00:00,4.6594,124.477,5.1068
2023-03-14 01:00:00,4.6574,125.775,1.5367
2023-03-14 02:00:00,5.0106,129.799,11.8028
2023-03-14 03:00:00,5.067,130.394,2.3911
2023-03-14 04:00:00,5.3856,135.659,11.9556
2023-03-14 05:00:00,5.3867,137.445,3.7721
2023-03-14 06:00:00,5.5382,140.912,9.0904
2023-03-14 07:00:00,5.2905,133.175,4.1316
2023-03-14 08:00:00,5.3215,137.298,1.1918
2023-03-14 09:00:00,5.1044,129.747,3.2201
2023-03-14 10:00:00,4.934,130.936,2.2895
2023-03-14 11:00:00,4.6518,121.281,1.2314
2023-03-14 12:00:00,4.7374,124.921,10.7667
2023-03-14 13:00:00,4.6773,125.21,2.3626
2023-03-14 14:00:00,4.5885,122.833,7.3444
2023-03-14 15:00:00,4.4799,118.123,0.971
2023-03-14 16:00:00,4.4184,118.694,6.7009
2023-03-14 17:00:00,4.3088,119.058,2.258
2023-03-14 18:00:00,4.159,114.498,0.2355
2023-03-14 19:00:00,4.0071,110.958,1.5758
2023-03-14 20:00:00,4.0124,112.005,1.6471
2023-03-14 21:00:00,4.1047,113.754,0.2893
2023-03-14 22:00:00,4.0974,114.728,0.416
2023-03-14 23:00:00,4.4311,118.878,8.6455
2023-03-15 00:00:00,4.5822,122.509,3.9157
2023-03-15 01:00:00,4.5557,121.522,0.5001
2023-03-15 02:00:00,4.5347,121.927,3.2095
2023-03-15 03:00:00,4.5168,121.97,1.3769
2023-03-15 04:00:00,4.5854,123.112,0.0323
2023-03-15 05:00:00,4.9566,127.438,11.1545
2023-03-15 06:00:00,4.7414,124.146,1.0965
2023-03-15 07:00:00,4.8733,127.031,0.6324
2023-03-15 08:00:00,4.7635,124.707,5.1171
2023-03-15 09:00:00,4.6934,125.094,1.4857
2023-03-15 10:00:00,4.6005,121.788,3.2886
2023-03-15 11:00:00,4.6077,124.684,7.7732
2023-03-15 12:00:00,4.5158,120.433,2.3613
2023-03-15 13:00:00,4.6032,122.516,10.1525
2023-03-15 14:00:00,4.5331,119.952,2.6066
2023-03-15 15:00:00,4.3893,119.942,3.1904
2023-03-15 16:00:00,4.2637,117.805,2.9703
2023-03-15 17:00:00,4.1801,114.558,4.1649
2023-03-15 18:00:00,4.0402,112.179,1.4251
2023-03-15 19:00:00,4.1874,114.891,1.7905
2023-03-15 20:00:00,4.1539,114.083,1.6464
2023-03-15 21:00:00,4.2682,118.133,7.3063
2023-03-15 22:00:00,4.3361,118.882,1.9331
2023-03-15 23:00:00,4.3352,118.451,2.0298
2023-03-16 00:00:00,4.6118,124.299,6.5699
2023-03-16 01:00:00,4.6843,123.938,3.9991
2023-03-16 02:00:00,5.1903,132.557,13.9665
2023-03-16 03:00:00,5.5691,140.959,8.8555
2023-03-16 04:00:00,5.2242,133.446,1.9115
2023-03-16 05:00:00,5.2515,134.39,2.1248
2023-03-16 06:00:00,5.4963,136.874,9.3772
2023-03-16 07:00:00,5.2098,135.066,1.5894
2023-03-16 08:00:00,5.1657,133.726,2.9613
2023-03-16 09:00:00,5.0486,131.101,3.0419
2023-03-16 10:00:00,5.0604,132.267,4.0829
2023-03-16 11:00:00,4.7311,127.157,3.4824
2023-03-16 12:00:00,4.5365,120.68,1.9189
2023-03-16 13:00:00,4.4358,121.188,2.1283
2023-03-16 14:00:00,4.52,119.057,4.7905
2023-03-16 15:00:00,4.1089,114.231,1.4652
2023-03-16 16:00:00,4.0853,114.543,1.4235
2023-03-16 17:00:00,4.1339,114.687,0.2874
2023-03-16 18:00:00,4.2108,114.383,9.0898
2023-03-16 19:00:00,4.1809,115.93,2.7262
2023-03-16 20:00:00,4.1276,113.594,3.2454
2023-03-16 21:00:00,4.1096,114.642,0.1925
2023-03-16 22:00:00,4.456,120.558,3.9839
2023-03-16 23:00:00,4.4807,120.857,5.599
2023-03-17 00:00:00,4.4189,119.336,1.0083
2023-03-17 01:00:00,4.4724,121.211,1.9211
2023-03-17 02:00:00,4.841,127.06,5.8577
2023-03-17 03:00:00,5.1192,131.82,11.2583
2023-03-17 04:00:00,5.2026,134.365,4.3603
2023-03-17 05:00:00,5.1855,135.692,8.371
2023-03-17 06:00:00,5.2011,132.94,2.1551
2023-03-17 07:00:00,5.1476,133.526,5.3086
2023-03-17 08:00:00,5.617,139.517,13.2562
2023-03-17 09:00:00,5.3576,137.273,3.8361
2023-03-17 10:00:00,5.1327,133.853,0.4585
2023-03-17 11:00:00,4.7509,125.752,0.5073
2023-03-17 12:00:00,4.7538,125.247,4.6704
2023-03-17 13:00:00,4.5592,119.242,0.7335
2023-03-17 14:00:00,4.3551,116.736,2.5426
2023-03-17 15:00:00,4.7939,128.016,14.2736
2023-03-17 16:00:00,4.4536,119.086,3.1336
2023-03-17 17:00:00,4.4122,119.427,0.4164
2023-03-17 18:00:00,4.5172,121.455,10.1574
2023-03-17 19:00:00,4.4675,120.838,1.9569
2023-03-17 20:00:00,5.2141,133.675,25.1206
2023-03-17 21:00:00,4.7773,126.151,0.4053
2023-03-17 22:00:00,5.0137,130.748,4.5867
2023-03-17 23:00:00,5.3244,136.241,16.6225
2023-03-18 00:00:00,5.5381,140.29,5.4618
2023-03-18 01:00:00,5.6323,141.125,6.1009
2023-03-18 02:00:00,5.4543,137.951,1.678
2023-03-18 03:00:00,5.4179,137.566,0.0351
2023-03-18 04:00:00,5.6828,142.713,12.1997
2023-03-18 05:00:00,5.547,139.858,3.6899
2023-03-18 06:00:00,5.5871,141.736,5.7006
2023-03-18 07:00:00,5.562,141.5,2.255
2023-03-18 08:00:00,5.2989,135.871,4.8814
2023-03-18 09:00:00,5.3504,138.711,2.7608
2023-03-18 10:00:00,5.0997,134.592,4.5514
2023-03-18 11:00:00,5.07,130.248,4.4682
2023-03-18 12:00:00,5.1202,132.698,12.3667
2023-03-18 13:00:00,4.8649,126.654,3.6133
2023-03-18 14:00:00,4.7407,124.366,1.8782
2023-03-18 15:00:00,4.4996,119.479,1.7027
2023-03-18 16:00:00,4.581,122.321,6.464
2023-03-18 17:00:00,4.5825,122.065,5.336
2023-03-18 18:00:00,4.4316,118.395,3.6173
2023-03-18 19:00:00,4.9804,131.548,19.8434
2023-03-18 20:00:00,4.7416,125.583,2.2076
2023-03-18 21:00:00,4.7359,125.551,1.3243
2023-03-18 22:00:00,4.9503,127.961,8.6181
2023-03-18 23:00:00,4.8267,127.05,3.7683
2023-03-19 00:00:00,5.158,133.824,4.8486
2023-03-19 01:00:00,5.0667,129.414,4.3484
2023-03-19 02:00:00,5.3173,135.727,7.5739
2023-03-19 03:00:00,5.2036,133.526,0.8454
2023-03-19 04:00:00,5.205,132.455,0.6878
2023-03-19 05:00:00,5.1415,131.113,4.9654
2023-03-19 06:00:00,5.3628,136.218,7.1599
2023-03-19 07:00:00,5.2195,135.633,3.4032
2023-03-19 08:00:00,5.1632,134.795,5.8692
2023-03-19 09:00:00,5.476,138.19,12.728
2023-03-19 10:00:00,5.5971,141.278,9.6485
2023-03-19 11:00:00,5.0939,133.451,0.0155
2023-03-19 12:00:00,5.0447,129.389,3.4078
2023-03-19 13:00:00,5.1067,130.568,8.2806
2023-03-19 14:00:00,4.898,129.022,2.6384
2023-03-19 15:00:00,4.5877,120.812,0.3866
2023-03-19 16:00:00,4.3577,119.606,0.3452
2023-03-19 17:00:00,4.1632,113.941,0.8716
2023-03-19 18:00:00,4.4339,119.287,9.0829
2023-03-19 19:00:00,4.4309,122.014,4.0845
2023-03-19 20:00:00,4.3841,119.668,1.1597
2023-03-19 21:00:00,4.3946,117.542,2.4412
2023-03-19 22:00:00,4.2556,117.317,2.0315
2023-03-19 23:00:00,4.4429,120.554,3.3746
2023-03-20 00:00:00,4.293,117.687,0.8183
2023-03-20 01:00:00,4.5741,123.608,3.9349
2023-03-20 02:00:00,4.8143,126.31,10.0888
2023-03-20 03:00:00,5.0401,131.083,6.6037
2023-03-20 04:00:00,5.0381,130.204,1.1185
2023-03-20 05:00:00,5.2116,134.415,5.1201
2023-03-20 06:00:00,4.9305,128.687,0.0047
2023-03-20 07:00:00,5.0425,133.661,6.0743
2023-03-20 08:00:00,5.1816,132.638,0.7705
2023-03-20 09:00:00,4.6803,124.754,0.9265
2023-03-20 10:00:00,4.6091,123.421,3.2228
2023-03-20 11:00:00,4.7105,121.809,1.1558
2023-03-20 12:00:00,4.4639,120.847,3.5124
2023-03-20 13:00:00,4.2518,116.623,3.6316
2023-03-20 14:00:00,4.7344,123.989,17.4995
2023-03-20 15:00:00,4.7341,124.984,1.8311
2023-03-20 16:00:00,4.5294,121.619,8.4847
2023-03-20 17:00:00,4.483,122.067,1.5008
2023-03-20 18:00:00,4.6328,122.562,7.0305
2023-03-20 19:00:00,4.5026,119.489,1.0143
2023-03-20 20:00:00,4.6352,124.764,6.2029
2023-03-20 21:00:00,4.6195,123.127,2.6564
2023-03-20 22:00:00,4.5618,121.872,3.8652
2023-03-20 23:00:00,4.5854,122.359,1.7242
2023-03-21 00:00:00,4.6625,123.612,1.6855
2023-03-21 01:00:00,4.6584,124.803,2.0391
2023-03-21 02:00:00,4.9416,129.462,10.2545
2023-03-21 03:00:00,5.1164,129.85,4.4132
2023-03-21 04:00:00,5.1041,130.267,1.5159
2023-03-21 05:00:00,5.1585,132.78,0.3148
2023-03-21 06:00:00,5.1785,132.709,4.6014
2023-03-21 07:00:00,5.0807,129.991,1.5095
2023-03-21 08:00:00,4.894,129.177,6.3348
2023-03-21 09:00:00,4.6652,123.324,1.3815
2023-03-21 10:00:00,4.8282,126.852,2.1178
2023-03-21 11:00:00,4.7796,125.95,1.3943
2023-03-21 12:00:00,4.5069,121.93,3.6688
2023-03-21 13:00:00,4.4348,121.222,1.4537
2023-03-21 14:00:00,4.2535,115.484,1.7188
2023-03-21 15:00:00,4.4211,121.636,10.1109
2023-03-21 16:00:00,4.4926,120.793,7.2363
2023-03-21 17:00:00,4.2572,116.502,0.4503
2023-03-21 18:00:00,4.118,114.288,2.0127
2023-03-21 19:00:00,4.1892,114.088,3.9353
2023-03-21 20:00:00,4.2834,116.833,3.2558
2023-03-21 21:00:00,4.2319,116.6,1.4832
2023-03-21 22:00:00,4.214,114.716,0.8661
2023-03-21 23:00:00,4.2262,116.285,1.6556
2023-03-22 00:00:00,4.3955,118.602,4.7319
2023-03-22 01:00:00,4.5577,121.524,1.0176
2023-03-22 02:00:00,4.588,121.488,0.1184
2023-03-22 03:00:00,4.7203,125.494,3.986
2023-03-22 04:00:00,4.6231,122.374,1.2267
2023-03-22 05:00:00,4.7789,127.667,1.6313
2023-03-22 06:00:00,5.0183,130.12,8.3893
2023-03-22 07:00:00,4.9453,125.841,8.3798
2023-03-22 08:00:00,4.8843,128.535,0.2637
2023-03-22 09:00:00,4.8293,127.397,4.1547
2023-03-22 10:00:00,5.2822,137.253,20.1363
2023-03-22 11:00:00,5.3291,134.074,6.7841
2023-03-22 12:00:00,5.1359,133.188,3.5209
2023-03-22 13:00:00,4.8526,128.417,0.6066
2023-03-22 14:00:00,4.6639,123.491,2.261
2023-03-22 15:00:00,4.6951,125.877,2.8693
2023-03-22 16:00:00,4.2565,115.781,0.1726
2023-03-22 17:00:00,4.5914,123.691,9.0474
2023-03-22 18:00:00,4.5073,121.572,7.7371
2023-03-22 19:00:00,4.4511,121.461,1.0418
2023-03-22 20:00:00,4.4381,117.654,2.5016
2023-03-22 21:00:00,4.3958,117.066,0.2389
2023-03-22 22:00:00,4.4262,120.453,1.6713
2023-03-22 23:00:00,4.641,122.645,10.032
2023-03-23 00:00:00,4.6156,121.911,0.7435
2023-03-23 01:00:00,4.9264,129.687,7.3715
2023-03-23 02:00:00,5.0541,130.163,2.3175
2023-03-23 03:00:00,4.9228,129.264,1.9575
2023-03-23 04:00:00,5.0517,129.717,3.3497
2023-03-23 05:00:00,4.8864,128.48,0.8316
2023-03-23 06:00:00,4.9308,127.363,2.1593
2023-03-23 07:00:00,4.9914,131.955,3.882
2023-03-23 08:00:00,4.8123,124.525,3.956
2023-03-23 09:00:00,4.8688,126.319,4.4815
2023-03-23 10:00:00,4.7868,126.555,3.7981
2023-03-23 11:00:00,4.6961,123.044,1.0017
2023-03-23 12:00:00,4.698,123.343,6.2149
2023-03-23 13:00:00,4.6149,124.057,1.8859
2023-03-23 14:00:00,4.3018,116.425,2.7221
2023-03-23 15:00:00,4.2133,116.047,3.19
2023-03-23 16:00:00,4.3644,117.481,5.9617
2023-03-23 17:00:00,4.1338,113.572,3.2507
2023-03-23 18:00:00,4.1112,113.49,1.8089
2023-03-23 19:00:00,4.1812,114.388,0.9771
2023-03-23 20:00:00,4.2187,117.615,10.1399
2023-03-23 21:00:00,4.3827,117.769,1.58
2023-03-23 22:00:00,4.5111,122.263,4.2398
2023-03-23 23:00:00,4.5648,121.25,1.1304
2023-03-24 00:00:00,4.6303,122.345,0.7712
2023-03-24 01:00:00,4.9402,127.916,13.5119
2023-03-24 02:00:00,5.1682,133.017,3.4656
2023-03-24 03:00:00,5.2427,136.077,2.785
2023-03-24 04:00:00,5.1391,131.258,3.0952
2023-03-24 05:00:00,5.1184,131.55,3.3197
2023-03-24 06:00:00,5.0131,129.31,2.646
2023-03-24 07:00:00,5.139,132.815,4.113
2023-03-24 08:00:00,5.251,135.189,6.0369
2023-03-24 09:00:00,5.4725,139.942,15.8721
2023-03-24 10:00:00,5.3424,134.761,6.7591
2023-03-24 11:00:00,5.2032,133.368,2.5758
2023-03-24 12:00:00,4.8669,128.891,0.5581
2023-03-24 13:00:00,4.825,126.271,4.5337
2023-03-24 14:00:00,4.535,120.868,0.0548
2023-03-24 15:00:00,4.5859,122.61,1.9103
2023-03-24 16:00:00,4.4647,120.45,5.0434
2023-03-24 17:00:00,4.3624,119.723,2.7321
2023-03-24 18:00:00,4.4161,118.945,5.967
2023-03-24 19:00:00,4.4236,118.648,1.2035
2023-03-24 20:00:00,4.236,115.707,0.6668
2023-03-24 21:00:00,4.1503,114.433,0.1925
2023-03-24 22:00:00,4.3391,117.889,2.6417
2023-03-24 23:00:00,4.4461,118.671,4.1163
2023-03-25 00:00:00,4.5368,121.409,1.4389
2023-03-25 01:00:00,4.8292,129.528,11.0866
2023-03-25 02:00:00,4.8284,126.463,4.1168
2023-03-25 03:00:00,4.9486,129.278,0.9394
2023-03-25 04:00:00,5.1042,130.656,6.689
2023-03-25 05:00:00,5.1538,132.647,2.8416
2023-03-25 06:00:00,5.1765,132.572,4.3871
2023-03-25 07:00:00,4.946,126.727,1.5603
2023-03-25 08:00:00,5.2134,134.395,3.7111
2023-03-25 09:00:00,4.8364,126.696,3.3448
2023-03-25 10:00:00,4.9371,128.131,4.1842
2023-03-25 11:00:00,4.8917,128.98,9.2599
2023-03-25 12:00:00,4.7931,125.599,1.1171
2023-03-25 13:00:00,4.4391,119.724,0.1067
2023-03-25 14:00:00,4.442,120.238,3.1208
2023-03-25 15:00:00,4.5198,121.619,6.4987
2023-03-25 16:00:00,4.3481,118.621,2.2411
2023-03-25 17:00:00,4.396,118.561,2.4037
2023-03-25 18:00:00,4.2455,117.291,2.9244
2023-03-25 19:00:00,4.2984,119.17,5.5443
2023-03-25 20:00:00,4.4396,121.075,4.4746
2023-03-25 21:00:00,4.4525,120.091,4.0712
2023-03-25 22:00:00,4.9667,128.186,11.9058
2023-03-25 23:00:00,4.7902,124.555,5.1548
2023-03-26 00:00:00,5.1667,133.635,6.2319
2023-03-26 01:00:00,5.064,131.633,0.7402
2023-03-26 02:00:00,5.1432,131.11,4.0507
2023-03-26 03:00:00,4.9792,129.35,1.1929
2023-03-26 04:00:00,5.2834,135.525,2.323
2023-03-26 05:00:00,5.0432,128.281,0.1474
2023-03-26 06:00:00,5.119,136.214,6.536
2023-03-26 07:00:00,5.0522,130.728,1.8165
2023-03-26 08:00:00,4.9263,127.763,0.0867
2023-03-26 09:00:00,4.7824,129.223,0.607
2023-03-26 10:00:00,4.507,119.055,1.9622
2023-03-26 11:00:00,4.7591,124.715,5.6628
2023-03-26 12:00:00,4.4529,118.066,0.0683
2023-03-26 13:00:00,4.2793,116.963,1.5055
2023-03-26 14:00:00,4.0999,113.793,0.8391
2023-03-26 15:00:00,4.1127,113.747,1.2564
2023-03-26 16:00:00,4.0055,111.143,3.5639
2023-03-26 17:00:00,3.869,106.996,0.2033
2023-03-26 18:00:00,4.0541,112.186,3.3816
2023-03-26 19:00:00,4.0537,114.169,4.5372
2023-03-26 20:00:00,3.9792,112.61,1.7604
2023-03-26 21:00:00,4.0826,112.758,2.3117
2023-03-26 22:00:00,4.3063,118.882,9.3874
2023-03-26 23:00:00,4.509,120.789,3.4547
2023-03-27 00:00:00,4.5325,120.469,2.0138
2023-03-27 01:00:00,4.7449,126.416,4.3975
2023-03-27 02:00:00,4.8092,128.829,4.5709
2023-03-27 03:00:00,4.9182,128.815,2.4415
2023-03-27 04:00:00,5.3168,135.838,6.2972
2023-03-27 05:00:00,5.0426,131.098,1.2071
2023-03-27 06:00:00,5.2025,134.205,7.1541
2023-03-27 07:00:00,5.2025,133.837,3.0856
2023-03-27 08:00:00,5.3933,138.141,9.3156
2023-03-27 09:00:00,5.11,132.305,1.8174
2023-03-27 10:00:00,5.0277,130.928,2.3256
2023-03-27 11:00:00,4.9891,130.297,6.5639
2023-03-27 12:00:00,4.5772,120.892,0.3257
2023-03-27 13:00:00,4.5504,121.22,4.3066
2023-03-27 14:00:00,4.3507,118.0,0.7898
2023-03-27 15:00:00,4.4806,118.643,9.6903
2023-03-27 16:00:00,4.3438,119.023,0.4628
2023-03-27 17:00:00,4.2481,114.641,2.4615
2023-03-27 18:00:00,4.5342,121.215,5.7129
2023-03-27 19:00:00,4.707,123.588,10.8182
2023-03-27 20:00:00,4.632,123.164,0.3117
2023-03-27 21:00:00,4.6798,122.938,2.3064
2023-03-27 22:00:00,4.4839,120.346,1.2152
2023-03-27 23:00:00,4.5351,124.081,2.7637
2023-03-28 00:00:00,4.7281,125.835,6.4518
2023-03-28 01:00:00,4.8253,128.2,1.1291
2023-03-28 02:00:00,4.8526,126.577,0.8889
2023-03-28 03:00:00,4.887,129.033,4.8268
2023-03-28 04:00:00,4.9596,127.577,1.5771
2023-03-28 05:00:00,4.9526,129.93,1.4095
2023-03-28 06:00:00,5.0125,130.368,6.2668
2023-03-28 07:00:00,5.1169,132.672,6.3909
2023-03-28 08:00:00,5.0608,130.138,0.7564
2023-03-28 09:00:00,4.8746,127.053,1.1985
2023-03-28 10:00:00,4.8324,127.258,1.4511
2023-03-28 11:00:00,4.5231,120.171,0.0889
2023-03-28 12:00:00,4.4647,118.281,1.1944
2023-03-28 13:00:00,4.5013,122.584,6.0009
2023-03-28 14:00:00,4.4153,121.047,10.7078
2023-03-28 15:00:00,4.3874,118.839,1.2683
2023-03-28 16:00:00,4.4403,119.383,4.321
2023-03-28 17:00:00,4.2248,118.172,0.1516
2023-03-28 18:00:00,4.2978,120.042,4.8676
2023-03-28 19:00:00,4.321,116.968,3.2335
2023-03-28 20:00:00,4.3535,119.21,1.535
2023-03-28 21:00:00,4.0479,113.037,0.7733
2023-03-28 22:00:00,4.5282,120.913,7.1507
2023-03-28 23:00:00,4.77,124.449,8.934
2023-03-29 00:00:00,4.5769,123.075,1.164
2023-03-29 01:00:00,5.1435,130.709,9.9562
2023-03-29 02:00:00,5.1163,132.583,0.1611
2023-03-29 03:00:00,4.9094,128.859,2.2809
2023-03-29 04:00:00,5.1302,132.766,3.0452
2023-03-29 05:00:00,5.2117,132.109,1.3889
2023-03-29 06:00:00,5.3028,135.672,6.4773
2023-03-29 07:00:00,5.1085,130.852,1.2875
2023-03-29 08:00:00,5.1928,132.097,7.6097
2023-03-29 09:00:00,5.1212,132.304,1.6941
2023-03-29 10:00:00,5.0709,131.665,8.3309
2023-03-29 11:00:00,5.0955,131.533,7.6153
2023-03-29 12:00:00,5.273,133.498,11.4039
2023-03-29 13:00:00,5.1078,133.512,2.499
2023-03-29 14:00:00,4.8826,127.041,0.026
2023-03-29 15:00:00,4.5365,122.099,2.2989
2023-03-29 16:00:00,4.6045,125.684,6.8539
2023-03-29 17:00:00,4.5176,121.568,4.5578
2023-03-29 18:00:00,4.5835,121.911,6.3041
2023-03-29 19:00:00,4.3935,119.673,0.922
2023-03-29 20:00:00,4.7624,125.693,8.2693
2023-03-29 21:00:00,4.9676,130.111,9.6003
2023-03-29 22:00:00,4.8709,128.888,4.0073
2023-03-29 23:00:00,4.9411,129.394,2.4418
2023-03-30 00:00:00,5.0735,132.702,3.9975
2023-03-30 01:00:00,4.9871,130.792,2.311
2023-03-30 02:00:00,5.1966,131.576,3.7633
2023-03-30 03:00:00,5.5984,138.572,10.8309
2023-03-30 04:00:00,5.4994,139.044,6.6835
2023-03-30 05:00:00,5.3189,132.594,0.6981
2023-03-30 06:00:00,5.2677,133.776,2.5872
2023-03-30 07:00:00,5.2839,137.68,0.0818
2023-03-30 08:00:00,4.9517,130.284,0.208
2023-03-30 09:00:00,5.1191,132.314,7.0135
2023-03-30 10:00:00,4.8539,128.427,1.3614
2023-03-30 11:00:00,4.6819,122.791,0.6715
2023-03-30 12:00:00,4.6229,122.904,1.577
2023-03-30 13:00:00,4.3857,118.855,2.1
2023-03-30 14:00:00,4.4358,119.28,3.1385
2023-03-30 15:00:00,5.3631,137.525,34.158
2023-03-30 16:00:00,5.216,133.966,2.3114
2023-03-30 17:00:00,5.0548,134.279,4.6493
2023-03-30 18:00:00,4.899,130.21,4.3035
2023-03-30 19:00:00,4.7563,125.289,2.0494
2023-03-30 20:00:00,4.8335,127.708,3.9318
2023-03-30 21:00:00,4.8418,127.337,8.2057
2023-03-30 22:00:00,4.8038,127.544,0.4961
2023-03-30 23:00:00,4.9325,130.363,6.9365
2023-03-31 00:00:00,5.016,130.635,1.2608
2023-03-31 01:00:00,5.204,134.035,5.633
2023-03-31 02:00:00,5.3062,136.249,4.8045
2023-03-31 03:00:00,5.2516,133.347,0.9213
2023-03-31 04:00:00,5.3507,137.371,2.8975
2023-03-31 05:00:00,5.2103,132.005,3.4351
2023-03-31 06:00:00,5.3,134.636,6.5555
2023-03-31 07:00:00,5.3069,134.886,1.8103
2023-03-31 08:00:00,5.0515,130.505,0.1868
2023-03-31 09:00:00,5.2551,133.352,4.6413
2023-03-31 10:00:00,4.9126,126.781,2.5872
2023-03-31 11:00:00,4.9948,129.829,9.9697
2023-03-31 12:00:00,4.8784,126.549,1.2688
2023-03-31 13:00:00,4.6947,124.444,2.545
2023-03-31 14:00:00,4.5214,121.608,2.0351
2023-03-31 15:00:00,4.3682,120.851,2.0357
2023-03-31 16:00:00,4.1202,114.744,0.8028
2023-03-31 17:00:00,4.2222,114.812,4.7357
2023-03-31 18:00:00,4.5476,123.546,10.8702
2023-03-31 19:00:00,4.5405,121.494,7.9129
2023-03-31 20:00:00,4.6012,122.817,1.8775
2023-03-31 21:00:00,4.622,123.932,0.2493
2023-03-31 22:00:00,4.5383,122.312,3.4588
2023-03-31 23:00:00,4.8636,124.739,12.4405
